keyword,url,user,comment_content,ai_analysis,is_valid,keywords,sentiment
【AI工具】AI问诊颠覆式升级，从此看病不求人,https://api.zhihu.com/articles/1952377311899923862,包包,可靠的解答必须建立在专业医疗背书的基础上——这也正是我们通常更信赖专家名医的原因。而传统AI问诊的一个常见痛点，就是用户常常难以清晰、准确地描述自己的复杂症状,,True,"信赖,痛点,难以描述",neutral
AI应用到医疗上，能替代医生进行快速问诊吗？,https://api.zhihu.com/answers/1981692804494280524,无问,反正目前使用ai来看，完全不行。 我随便问个问题，问多了就开始错误，更别提问诊了。 ai的逻辑和联系还不足支撑一次比较严重的疾病,,True,"不行,错误,不足,否定,不信任,担忧",negative
你觉得这个AI问诊功能咋样？,https://api.zhihu.com/articles/1951700076679403121,VMOMENT,很多用户都非常喜欢里边的AI中医功能。 打开VMOMENT，拍一张舌照+面照（放心，照片仅用于AI分析哦～） 它会细心帮你分析,,True,"喜欢,放心,细心",positive
「AI 问诊」火了，如果用 AI 开出的药方出了问题，这个责任由谁承担？,https://api.zhihu.com/answers/110769994073,药渣王,AI问诊对医院和患者都是有利的，以后会成为病人和医生的好帮手，不但能促进更合理的诊断和用药，也有助于消除医药信息差,,True,"认可,支持,有利,期待,合理,帮助,消除信息差",positive
deepseek「AI 问诊」真的很有用吗？它对心理精神病类的判断如何？还是说其只适合询问生理病？,https://api.zhihu.com/answers/1973848250072179979,咪蒙,我们来全面、客观地分析一下DeepSeek这类AI在问诊，特别是心理精神类问题上的能力、局限性和正确使用方式,,True,"全面,客观",neutral
AI能否替代医生问诊？,https://api.zhihu.com/answers/2898022788,神经夫妻联盟,听我讲完，作为一名神经外科医生，我其实很期待AI能替代医生的问诊工作，原因其实很简单，在繁忙高强度的医疗工作中,,True,期待,positive
deepseek「AI 问诊」真的很有用吗？它对心理精神病类的判断如何？还是说其只适合询问生理病？,https://api.zhihu.com/answers/1970029990713197803,嗯哼,核心问题其实在于 AI的算法和模型。 AI问诊的本质是信息匹配与概率计算，它真正的能力是运算推理能力,,True,"客观,事实分析",neutral
deepseek「AI 问诊」真的很有用吗？它对心理精神病类的判断如何？还是说其只适合询问生理病？,https://api.zhihu.com/answers/1897690789389239016,徐若航,比以前大家看病方便很多，虽然也有一些局限性。 输入你的问题deepseek可以给到相当多的资料，各种心理问题的可能性,,True,"方便,客观,实用,可参考,谨慎",positive
为什么说人工智能问诊才是在线问诊的未来？,https://api.zhihu.com/answers/584025819,是你的益达,就有可能产生误诊的情况。但是人工智能问诊与在线问诊有所不同，因为有人工智能技术，在线问诊就变为发达。原因你知道吗,,True,"误诊担忧,客观,认知不同",neutral
你有通过 AI 诊断过疾病的经历吗？,https://api.zhihu.com/answers/1903784714231342483,暗淡蓝点,推荐专业的问诊平台，比如丁香医生，微信小程序和APP都有，可以选择医院，科室，医生，进行付费问诊，可以用图文形式,,True,"推荐,认可,专业,方便,灵活,实用",positive
互联网医院AI预问诊：重塑线上问诊的第一公里,https://api.zhihu.com/articles/1979557724556632215,争实科技,一份清晰、条理的预问诊报告已经生成，静候医生查阅。 二、AI预问诊带来的核心价值 AI预问诊的价值是多方共赢的,,True,"清晰,条理,认可,共赢,有价值",positive
线上问诊和 AI 辅助诊断真的靠谱吗，未来会取代线下看病吗？,https://api.zhihu.com/answers/1963627502674097960,健康管理培训,线上问诊和 AI 辅助诊断的靠谱性，早已在政策规范与技术落地中形成支撑，但 “取代线下看病” 始终是伪命题,,True,"客观,认可靠谱性,否定取代",neutral
为什么说人工智能问诊才是在线问诊的未来？,https://api.zhihu.com/answers/584038261,狗脊,路是走出来的，把人做主体，才能提现人工智能的优势。 人工智能问诊是中国医疗可能走的最快的路，但不一定最适合中国的国情,,True,"认可,谨慎,客观,观望",neutral
医生被质疑后发现DeepSeek才是对的，AI问病靠谱吗？,https://api.zhihu.com/articles/25957124406,赛鲁斯,普通医生，律师，财务，甚至教师都是人工智能最先冲击的行业。说白了，人工智能在归纳总结方面有天然的优势！ 不喜欢乱怼,,True,"认可,客观,不喜欢乱怼",positive
如果你的诊断主要由 AI 给出，你会更信任医生还是 AI 的结论？,https://api.zhihu.com/answers/1971528180889257286,CpP,你们为什么这么信AI………… AI医疗我私以为的最大问题是信息输入。比如你觉得肚子疼，然后问AI，未受过医学训练的人大概率只会打出“肚子疼”三个字给AI,,True,"质疑,担忧,不信任,担心",negative
医生治疗方案被质疑，发现患者用 DeepSeek 给出的诊断结果才是对的，AI 未来会取代医生问诊吗？,https://api.zhihu.com/answers/109345501396,Corbicula,并且不会进行真正的思维实验。LLM在所有AI技术中是网友最容易获得震撼体验的AI类型，但不是最适合医疗诊断的AI类型。 我当然相信AI诊断有一天会完全取代人,,True,"期待,认可,客观,谨慎",positive
问一下知乎的医生们，以后的患者要是用DeepSeek问答的内容和你们对线要怎么办？,https://api.zhihu.com/answers/91735088221,rising Li,我已经开始用AI来帮我诊治疑难患者了，根据我把之前已经确诊的疑难病人的资料发给AI所得出的结论，可以看出即便非医疗型的AI也能在大多数情况下给出正确或者接近正确的答案,,True,"认可,肯定,有效,准确",positive
AI看病软件哪个好？,https://api.zhihu.com/articles/1911449952120442966,医联健康,网络搜索看见的信息可信度、夸大性又让人恐惧，随着AI医疗的发展，AI看病软件让越来越多的用过的用户觉得值得使用、参考，所以AI看病软件哪个好,,True,"恐惧,认可,值得使用,参考,疑问",positive
线上问诊和 AI 辅助诊断真的靠谱吗，未来会取代线下看病吗？,https://api.zhihu.com/answers/1964726959067079273,山西力汇智联,我的认为是不会取代，线下问诊的这种模式一定是不会被ai取代的。 因为线上问诊，ai诊断只能说是浅层的分析可能的病因,,True,"不会取代,浅层分析",neutral
DeepSeek能够进行中医辩证处方吗？,https://api.zhihu.com/answers/94865801853,西安水哥,那得荒唐到何种程度。 所以，中医AI的核心，仍然是中医水平高低的较量，而不是AI，AI充其量只是一个工具。 第二,,True,"荒唐,工具认知,客观判断",negative
AI看病到底靠不靠谱？专家、用户观点完全对立,https://api.zhihu.com/articles/1974911618065404856,数字健康快讯,特别是像泰积健康推动的 AI 中医系统，在基层、乡镇、边区的落地证明——AI 正在真正解决“看病难、看病慢、看病贵”的现实问题,,True,"认可,有效,实用,改善体验,解决痛点,有帮助",positive
AI医生在三甲医院辅助诊疗，病情评估更快更准，3-5分钟给出诊断报告，AI未来会取代人类医生吗？,https://api.zhihu.com/answers/103481745615,社会科学,以至于这个问题表现的平平无奇，才15个回答。 AI医生最大的作用不是问诊自动化，不是给患者带来的那么点、也许暂时还没有的便利,,True,"平平无奇,暂未体现便利",neutral
你对于现在网上AI看病有什么看法，AI医生真的可以看病吗？,https://api.zhihu.com/answers/1906316969042511268,诚信期待合作,比较可信，AI所能查阅和记忆的内容比真人医生要多得多，但要结合自己的实际情况综合考虑，AI引用错误的观点也是有可能的,,True,"认可,谨慎,担忧",neutral
AI问诊逐渐取代医生是不是伪命题？实测国内外医疗专用大模型！,https://api.zhihu.com/articles/663138355,优云智算,而在之前的25名医生都没有诊断正确，AI大模型能否代替一部分初级的问诊？下面我们就来实测一下！ 01 百度灵医BOT(国内),,True,"疑问,探索,实测,观望",neutral
如果你非得用DeepSeek看病，建议这么看（附详细提问模版）,https://api.zhihu.com/articles/1979535560784773942,果壳,能不能用AI看病？当专家不能，当助手很能 有一种用DeepSeek等人工智能助手（AI）看病的方法是,,True,"认可,可尝试,辅助",positive
“问诊”这一步能利用大数据做出一个人工智能吗？,https://api.zhihu.com/answers/1937088735524131182,知企科技,需要技术持续迭代与伦理规范的双轮驱动。 从“望闻问切”到“云端问诊”，科技重塑了医患连接的形态。AI问诊系统正悄悄改变着医疗资源流动的轨迹,,True,"客观,理性,技术迭代需求,伦理规范需求,重塑观察",neutral
AI能否替代医生问诊？,https://api.zhihu.com/answers/1937167411158704532,蓝字计划,立马刷新了很多人的对 AI 的认知，原来 AI 除了帮我们偷懒和娱乐外，还能用来“问诊”。 但从网友们的反应来看,,True,"刷新认知,认知更新,客观认知",neutral
AI应用到医疗上，能替代医生进行快速问诊吗？,https://api.zhihu.com/answers/1981654233347556314,千手医仙,从短期来说，肯定可以替代，类似于我们出门诊有个实习同学帮忙预问诊，但是总是需要主诊医生把关从长远来说，就是智能驾驶的未来，终究是完全替代人类，不过那个时候ai可能主要都在忙着修他们自己的硅基生命,,True,"肯定,认可,需要把关,期待",positive
DeepSeek开药方靠谱吗？,https://api.zhihu.com/articles/32732706134,中医传人,不少人开始尝试向AI求一张中医药方，而DeepSeek则一瞬间化身“老中医”。 足不出户，AI问诊，情况如何,,True,"尝试,观望,客观",neutral
AI能否替代医生问诊？,https://api.zhihu.com/answers/2952416716,澳洋数字,AI不能替代医生问诊。 因为人是具有思想和情感的，虽然人工智能技术的发展推动了医疗事业的进步，但是医疗人工智能是不可能取代医生这个行业的,,True,"客观,不支持替代,明确判断",neutral
线上问诊和 AI 辅助诊断真的靠谱吗，未来会取代线下看病吗？,https://api.zhihu.com/answers/1963560615009293832,漫步溜达,线上问诊和 AI 辅助诊断真的靠谱吗，未来会取代线下看病吗？ 线上问诊和 AI 辅助诊断真的靠谱吗，这个靠谱是有概率的,,True,"疑问,靠谱疑问,取代顾虑,谨慎",neutral
人工智能AI有望在不久的将来代替西医医生,https://api.zhihu.com/articles/21246863907,iceflame,西医看病的程序化和流水线化为AI看病提供了很大的可能，近年兴起的网上问诊已经让病人不需要再去医院排队看病,,True,"客观,可能,方便",neutral
现代AI诊疗是否可以人工诊断？,https://api.zhihu.com/answers/1933673907770066156,七月,医院如何认定AI的结果要不要每个都人工审核。AI诊断出现异常问题后责任如何划分。当AI出现异常无法“断臂”自保,,True,"担忧,责任担忧,异常担忧,审核疑问,自保担忧",negative
AI 辅助诊断离真正落地还有多远，主要障碍在哪里？,https://api.zhihu.com/answers/1963898570580162400,一个胖momo,那这个模型对罕见病的诊断准确率有多高，如果诊断错了，那ai愿不愿意背锅。 现在AI程序辅助诊断，供应商愿不愿意背锅？很明显不愿意,,True,"担忧,不信任,疑问,风险,顾虑",negative
医生治疗方案被质疑，发现患者用 DeepSeek 给出的诊断结果才是对的，AI 未来会取代医生问诊吗？,https://api.zhihu.com/answers/109624681489,胡言,机器人就可以手术了，全中国只需要几万个医生就够用了。 AI取代医生比较难，但AI加快医生的工作效率，让一个医生干完现在上千个医生的工作,,True,"高效,难度",positive
AI 辅助诊断系统引入医院后，医生的工作效率是提高了还是更复杂了？,https://api.zhihu.com/answers/1973689481677804537,医策科技,从医策科技在病理AI领域的实践来看，AI辅助诊断系统引入医院后，医生的核心诊断效率是显著提高了，而非变得更复杂,,True,"认可,效率提升,简化流程,肯定",positive
AI智能预问诊系统｜结构化AI问诊+电子病历，为门诊流程按下“加速键”,https://api.zhihu.com/articles/1956283469727535859,武汉星际互动,系统模拟资深医师问诊思路，高效整合并自动生成标准化电子预问诊报告，无缝对接医院现有信息系统，将问诊流程前置，显著缓解“三长一短”门诊难题,,True,"高效,缓解难题,流程前置,无缝对接,改善体验",positive
人工智能运用在智能导诊上可以帮助人们解决哪些问题？,https://api.zhihu.com/answers/1952776195390289720,静水,这就是传统的人工导诊存在的问题。而随着人工智能的发展，现在我们可以用AI来替代人工导诊了。AI导诊不仅效率更高,,True,"效率,问题",neutral
智能问诊和传统问诊相比，有什么优势？,https://api.zhihu.com/answers/581710340,陈遥,我就从以下几个方面为大家分析智能问诊相较于传统问诊，优势在哪： 首先，智能问诊汇聚了全科的力量，相比于单一科室的诊疗经验,,True,"客观,优势分析",neutral
医生治疗方案被质疑，发现患者用 DeepSeek 给出的诊断结果才是对的，AI 未来会取代医生问诊吗？,https://api.zhihu.com/answers/109597908869,窝太华,我认为这是完善三级诊疗制度的一个契机，更是一个完善医疗ai机器人的机会 三级诊疗制度的主要意思是，根据疾病的轻重缓急及治疗的难易程度对疾病进行分级诊疗,,True,"契机,机会",neutral
基于AI的自动化诊断已经不再遥远,https://api.zhihu.com/articles/681781834,嘉蕴,一个很广泛的观点是，如果AI连片子都会看了，那基本可以认为AI会看病了。近十年来，AI读片的研究一日千里，直接导致很多大佬（比如Hinton和吴恩达）宣称过AI替代医生指日可待（当然他们被打脸了）,,True,"客观,广泛观点,宣称,质疑",neutral
湖南省医保局明确要求禁用 AI 开处方，原因是什么？人工智能在医疗领域的角色该如何定位？,https://api.zhihu.com/answers/110127553474,极萨学院冷哲,但在医学上5%的幻觉可能都会出人命。 另一个方面就是AI没有处方权，说直白的就是AI不能背锅。 然后可以把昨天的回答贴过来,,True,"担忧,风险,不信任,质疑",negative
实测医疗APP好伴AI：数字版三甲专家人人可用，AI医疗落地之路终于走通了？,https://api.zhihu.com/articles/25512732233,量子位,无外乎有以下几种形态： 在线问诊+药品配送，AI基于预设规则来诊疗一些常见病； 医学知识科普+轻问诊，AI局限于症状自查表,,True,"客观,形态说明,局限陈述",neutral
如何看待医疗智能问诊?,https://api.zhihu.com/answers/1558341359,末代猿,后来迎来移动互联网在线问诊，可以选择网上咨询医生来判断或图心里安慰。 当前各种人工智能噱头的智能问诊出现，某种意义上来说满足了人们随时随地有个可能靠谱的口袋医生朋友,,True,"满足,靠谱,方便,认可,心里安慰",positive
大家对人工智能医疗怎么看？人工智能医疗应该着重往那个方向发展比较好？,https://api.zhihu.com/answers/2716112718,系统之神与我同在,最后估计只能说帮医疗方面做一些信息化系统。但是机器学习 人工智能在这个业务上还是算了。 用AI整理一下 在探讨AI医疗这一领域时，我们必须正视其背后的复杂性和挑战,,True,"否定,不认可,正视挑战,谨慎",negative
Springboot医院智能导诊问诊全流程系统源码 支持小程序H5,https://api.zhihu.com/articles/30143788412,星辰大海里编程,帮助患者更快速、准确地找到适合的医疗资源。 智能预问诊——提高诊疗效率和精度 如果患者使用了预问诊，患者在前期询问智能助手的所有病例就会直接同步到医生的电脑端,,True,"快速,准确,高效,精准,便捷,提升效率,提升精度,方便",positive
AI在医疗影像诊断中已展现出较高准确率，但当AI诊断结果与资深医生诊断意见相悖时，应如何决策？,https://api.zhihu.com/answers/1922662788351889420,Watt Hour,而不是始终把循证理念作为一个实践准则。） 目前的临床AI成果，我经常用来打比方的一个说法就是，应该把AI和医生的工作看成类似合数探索的问题,,True,"客观,陈述",neutral
健康AI从技术到爆款，最难跨越的鸿沟是什么？,https://api.zhihu.com/answers/1951659484595327080,Akihi,健康AI最难跨越的鸿沟可能就是准确度了。 毕竟身体和其他东西不一样。 如果AI出现误诊，让病人吃错药,,True,"担忧,风险,不信任,误诊,顾虑",negative
AI医生在三甲医院辅助诊疗，病情评估更快更准，3-5分钟给出诊断报告，AI未来会取代人类医生吗？,https://api.zhihu.com/answers/111583472216,陈子杨Dr.outside,这些不是说AI代替不了。只是在我以及各位的有生之年，AI都迭代不到这个地步。 那再说回来，现在AI医生的应用到那一阶段了呢,,True,"客观,疑问,迭代有限,观望",neutral
AI医生在三甲医院辅助诊疗，病情评估更快更准，3-5分钟给出诊断报告，AI未来会取代人类医生吗？,https://api.zhihu.com/answers/99802707874,蓝色月光,百分之九十九的人都是感冒发烧拉肚子。这种简单的症状，ai完全可以处理。 还有一部分人，无非就是高血压，糖尿病,,True,"认可,可处理简单症状",positive
AI问诊小程序凭什么火了？这5个优势告诉你答案,https://api.zhihu.com/articles/1913627554008510587,科技浪花弄潮儿,湖州市的AI问诊系统在脑卒中急救中，通过快速诊断为患者争取了宝贵的黄金时间。 总结AI问诊小程序凭借高效、精准、便捷和隐私保护等优势,,True,"高效,精准,便捷,隐私保护,宝贵,认可,争取黄金时间",positive
基本医疗诉求是否能通过人工智能解决？,https://api.zhihu.com/answers/3189851757,数字梦想家,自动从知识库中总结出适合的答案进行返回。 整个问诊过程被记录，也可以在问诊结束之后自动接入到在线的医生进行后续的服务。 AI问诊甚至可以通过摄像头、体温计血压仪等智能终端采集患者的生命体征信息,,True,,neutral
AI能否替代医生问诊？,https://api.zhihu.com/answers/2966335556,海旭,AI在医学图像识别、疾病预测、治疗方案制定等方面都有着很好的应用前景。但是，目前的AI技术还无法完全代替医生进行问诊。 AI在问诊中的应用主要是通过数据分析和机器学习等技术,,True,"看好,客观",neutral
deepseek「AI 问诊」真的很有用吗？它对心理精神病类的判断如何？还是说其只适合询问生理病？,https://api.zhihu.com/answers/1899003691618504867,江小北,特别是你问的那种——心理精神类。 一、AI 问诊是个啥？别被营销洗脑了 很多人一听「AI 问诊」就觉得好高大上，脑子里就浮现个白大褂的AI医生,,True,"警惕营销,提醒,避免洗脑",neutral
能不能用人工智能代替医生诊疗？,https://api.zhihu.com/answers/1853634777,青遥近争,可以用人工智能进行诊前问诊，一些流程化的问答和操作，完全可以通过机器人来完成。,,True,"认可,可行,客观",neutral
医生治疗方案被质疑，发现患者用 DeepSeek 给出的诊断结果才是对的，AI 未来会取代医生问诊吗？,https://api.zhihu.com/answers/109555174617,response,ai问诊能力目前就是比三甲门诊强很多。差的是检查，毕竟ai没有手。 如果一个主任，全科精通，从不懈怠及时更新自己知识,,True,"认可,肯定,不足,客观",positive
AI看病靠谱吗？,https://api.zhihu.com/answers/1895574735238193976,阿鹿说健康,先说结论：目前AI看病还不太靠谱，但通过AI获取疾病知识还是靠谱的。 我实测下来，目前国内主流的大模型,,True,"认可,不认可,客观,实测",neutral
哈工大团队开源医学智能问诊大模型 | 华佗: 基于中文医学知识的LLaMa指令微调模型,https://api.zhihu.com/articles/626536996,CVHub,而经过专门医疗数据训练的Glass AI（链接：https://glass.health/ai）模型在智能诊断上表现极其出色,,True,"认可,出色,肯定,正面评价",positive
线上问诊和 AI 辅助诊断真的靠谱吗，未来会取代线下看病吗？,https://api.zhihu.com/answers/1963522822807742027,二师兄,而所有专业的技术支持则放到黑箱中由AI完成。诊疗流程和结果评价由AI完成，伦理评价和责任追溯由人完成，这就是最终趋势,,True,"客观,趋势判断",neutral
AI还有多久可以被广泛用于医疗？,https://api.zhihu.com/answers/3449719640,嘉蕴,问反了。拍片分析啥的已经用了很多年了。 倒是问诊这件事情很难做，大模型出来之前根本做不了。大模型出来之后能做了,,True,"困难,可行,客观",neutral
你认为人工智能看病有什么优点？,https://api.zhihu.com/answers/2862765539,diveng,提高了医疗人力资源的利用率，大大提高看病就医的效率。 ④人工智能节省获取检查结果的时间 医生诊疗的流程大致分为问诊，检查，看报告,,True,"提升效率,节省时间,提高利用率",positive
现阶段人工智能可以进行一对一的心理咨询吗？,https://api.zhihu.com/answers/2695821055,陆宣霏,就像我们去医院里面问诊，人工智能的机器人只能回答我们模块化的东西和知识，但取代不了医生面对面的问诊和判断。 人工智能可以解放人类很多劳动力,,True,"客观,解放劳动力,效率",neutral
ai已经/即将摧毁哪些行业?,https://api.zhihu.com/answers/1973740152506568833,zhang,医生有经济利益牵扯，人工智能没有，所以人工智能更客观。 医院就是做个检查，把数据抄给AI，AI立刻分析出病情,,True,"客观,无利益牵扯,效率",neutral
这波人工智能浪潮怎么越来越像泡沫，AI到底带来了什么？,https://api.zhihu.com/answers/1961811126242243072,Tashi,肝上结节 冠脉造影 头颅血管造影都是靠ai诊断 我相信其他领域也有被ai取代的东西,,True,相信,neutral
人工智能在医疗影像诊断中的实际应用已发展到什么程度？未来可能完全替代放射科医生吗？,https://api.zhihu.com/answers/129846030663,gcd0318,那么医生为什么要用这玩意？AI 写了报告他还要对照图像看一遍，甚至还要排除掉AI 报告的误导，等于增加医,,True,"质疑,担忧,增加负担,不满",negative
AI真的可以代替医生问诊吗？,https://api.zhihu.com/articles/1939635616699619324,JXY_<em>AI</em>,并为他们提供一些治疗建议。 二、AI在问诊中的优势 尽管AI无法完全替代医生，但它在问诊中有一些不可忽视的优势,,True,"客观,中立",neutral
AI能否替代医生问诊？,https://api.zhihu.com/answers/2907668794,码蹄集,再去确认一下病情嘛…… 从技术上来说，要让AI代替医生问诊，并不是不可能的。以图像技术为例，对于AI来说，图片数据分辨力达到0,,True,"客观,技术可行",neutral
智能问诊系统推荐,https://api.zhihu.com/articles/1893717048506438475,医联健康,还能进行用药指导、智能随访复诊和康复指导。 推荐2 腾讯云智能预问诊（IPC） 腾讯云智能预问诊（Intelligent,,True,推荐,positive
AI能否替代医生问诊？,https://api.zhihu.com/answers/3388367388,飞机是HR,先说结论：AI可以做辅助诊断，但短时间内无法替代医生问诊。 AI就是人工智能，其核心就是深度学习，通过学习不断成长,,True,"客观,可行,不能替代",neutral
未来ChatGPT有可能代替医生问诊吗？,https://api.zhihu.com/answers/2890560812,别动情,它不知道应该如何问问题才能获取相应的信息，以后能不能不好说，但是我认为AI问诊是可以的，问诊并不是什么复杂的东西，很多指南都有诊断流程图,,True,"认可,观望",positive
如何看待医疗智能问诊?,https://api.zhihu.com/answers/1564466521,不留行,"智能问诊目前做得比较好的是Ada和KHealth 由于医学的复杂性, 医生看病需要问诊、查体, 再结合化验检查等综合诊断",,True,"认可,客观",positive
智能问诊靠谱吗？,https://api.zhihu.com/answers/2825895555,陆玖传媒,节约医疗资源的同时也减少了患者的心理压力。 左医科技智能自诊系统采用AI机器人模拟临床医生问诊思维，与用户进行自然语言交互，智能采集用户病情信息,,True,"节约资源,减少心理压力,智能交互,高效采集",positive
AI到底能不能看病？,https://api.zhihu.com/articles/618930607,Charlie,把血液报告上传到Github然后问了下ChatGPT，看看AI能不能看病。 首先多模态的ChatGPT能把血液报告图片基本准确翻译成文字,,True,"尝试,客观",neutral
未来ChatGPT有可能代替医生问诊吗？,https://api.zhihu.com/answers/2946397336,不想睡醒夜太短,判断病灶性质，时间是人工分割的5%，成本只有人工的5%。 外科以穿刺导航系统为例：利用人工智能三维重建DICOM数据,,True,"客观,中立",neutral
AI能否替代医生问诊？,https://api.zhihu.com/answers/2958138573,左迁,可能不用别人怎么帮忙，自己也做出来了。 我想说的是什么呢，AI医生和AI驾驶员一样，可能永远没法出现，因为涉及生命安全,,True,"否定,担忧,不看好,质疑",negative
「AI技术已能辅助医生诊断，未来十年内『人机协同』会彻底颠覆医疗行业吗？」?,https://api.zhihu.com/answers/1946112292627391211,华奥奥利奥,患者痊愈率得到显著提升。 智慧医疗生态重构：AI驱动的三大变革方向 诊疗流程再造：AI预问诊系统可提前完成主诉采集与分诊,,True,"提升,高效,改善",positive
智能问诊靠谱吗？,https://api.zhihu.com/answers/581709670,陈遥,质量最好的自然就是最靠谱的。智能问诊同样如此，充满干货内容及信息技术，能够让人信服。其实智能问诊，比我们想象的靠谱,,True,"靠谱,信服,认可",positive
AI能否替代医生问诊？,https://api.zhihu.com/answers/2903232824,Captain不是船长,医生依靠人际关系和实践经验，来获得优质的问诊服务，而人工智能缺乏这些能力。 目前来说，依靠人工智能来替代医生问诊还是不可行的，不能把医疗问题交给人工智能完全处理,,True,"不可行,否定,不能完全处理,缺乏能力",negative
智能AI诊脉，对中医的未来不友好,https://api.zhihu.com/articles/708873569,空心藕,大家好，我是民间自学中医的中医爱好者。 浅谈一下，AI智能仪器提供中医诊断，可见传统中医也跟上了科技进步的步伐,,True,"认可,积极,科技进步,跟上步伐",positive
“清华AI医院”上线！首批42位AI医生亮相，诊断覆盖300余种疾病,https://api.zhihu.com/articles/8181056529,量子位,是感知视觉AI突破后，AI在影像等领域，可以提供医疗助力。当时包括谷歌在内的AI巨头，都对AI医疗影像的前景非常乐观,,True,"乐观,看好,认可",positive
互联网医院问诊，医生回答笼统，是我的使用方式不对吗？,https://api.zhihu.com/answers/1973748747109438218,核桃就医贴士,首先，互联网问诊模式确实给一些简单的、相对单一常见的患者带来了更多的便利。但是不可否认，是有局限性的,,True,"便利,局限性",neutral
医学可以和人工智能专业交叉结合吗？,https://api.zhihu.com/answers/1920838132061959383,CardinO,多了去了，你去各个医院影像科看看，肺结节的识别ai早都普及了，就是准确率还有待提高。其他的包括辅助决,,True,"客观,待提高",neutral
AI能否替代医生问诊？,https://api.zhihu.com/answers/2888067483,zeniaking,很可能导致病人不得不做一大堆不必要的检查。 这是我自己看病被坑多了得出来的经验。AI问诊在我看来更像是互联网问诊。单纯口述很多疾病很难判断,,True,"担忧,不信任,难判断,不必要检查,风险",negative
AI能否替代医生问诊？,https://api.zhihu.com/answers/2990805817,姚盛,丁香园上已经有人做过测试了，将相同病例由AI和医生进行对比，结果就是AI完全不会“问”。 目前的AI问诊和用百度查病情差不多,,True,"否定,批评,不信任,不足",negative
邦大夫：看中医时 AI 问诊是种什么体验？,https://api.zhihu.com/articles/52560106,Naturali 奇点机智,电商、金融、教育、企业内部服务、智能硬件等领域的企业都能够通过”对话流”自主定义对话式AI体验。 语音对话交互是未来”AI+医疗”的大势所趋，医疗机构或平台中AI的应用将不再仅是喊口号或评级标准,,True,"客观描述,大势所趋,实际落地,趋势明确",neutral
医生治疗方案被质疑，发现患者用 DeepSeek 给出的诊断结果才是对的，AI 未来会取代医生问诊吗？,https://api.zhihu.com/answers/109333461450,叶岚山,再者患者不愿意、不能做一些检查造成的数据缺失也会给AI诊疗带来难度。 还有一个点大家都提过，就是AI不能背锅，无论是医疗事故还是患者医闹,,True,"难度,责任担忧,客观",neutral
为什么医疗诊断的人工智能专家系统没有流行开来？,https://api.zhihu.com/answers/346716961,不羁之风,可靠性。虽然人工智能的专家系统看起来已经发展了很久，很成熟，但实际上它真的有那么可靠吗？没有了解过的人可能会觉得它一点也不可靠，有点了解的人可能会觉得它不是那么可靠。毕竟作为一个专家系统，它还是要依靠病人的具体病况作为条件来分析的，然而在实际的看病过程中，往往医生在除了问询之外,,True,"质疑,不可靠,怀疑,担忧",negative
向AI提问题，它给的答案是真懂还是假懂？,https://api.zhihu.com/answers/1979626114822459907,原来的号,AI是训练出来的，可以参考那种机器人客服，对某些关键字触发某些应答机制。胜在训练它的人多，样本量足够大,,True,"客观,中立,优势认知",neutral
GPT-5败下阵，这款中国AI拿下全球第一，众多医生已在用它做诊断,https://api.zhihu.com/articles/1973864487263179589,量子位,基层医生真正需要的AI，一定不是炫技的AI，而是能在临床真正派上用场的助手。 可怎样的AI才能做到后者？,,True,"需求,实用,临床价值,疑问",neutral
AI 辅助诊断将如何改变医生工作模式？,https://api.zhihu.com/answers/1960789221322240217,一个胖momo,已经投入使用了啊。 现在我们这里影像科影像都会过一边AI出个参考诊断，然后再人工审核修正，多省心省事啊。 这个系统不装在门急诊电脑上我能想到的原因一个是设备太次带不动,,True,"省心,省事,认可,方便",positive
AI看病靠谱吗？,https://api.zhihu.com/answers/102485132045,空气流通防疫技术,Openai出现的时候，我就多了一句嘴说，医生可能被ai替代。结果被很多人围攻说我仇恨医生。 我五六年都不去一次医院,,True,"客观,中立,观点陈述",neutral
什么?人工智能医院成立了！,https://api.zhihu.com/articles/1906667424054485126,张雪峰老师,可完成问诊、开具检查单、提供诊断建议、推荐治疗方案、随访咨询等全流程服务。 AI医生与人类医生 随着AI医院和AI医生的上线，未来的医生，是否会被AI取代？人类医生的角色又将如何演变,,True,"客观描述,疑问取代,关注角色演变,认可服务流程",neutral
AI问诊有风险 家长切勿太大心！,https://api.zhihu.com/articles/1890069913898566633,如鑫淼,文/鑫淼 AI问诊险误病情 近日，广东汕头某医学院第一附属医院，收治了一例家长用AI自行看病的病例。3岁的女童出现了反复咳嗽发热等症状,,True,"风险,担忧",neutral
AI能否替代医生问诊？,https://api.zhihu.com/answers/2974557985,趣竞陆小凤,迎来爆发式增长。 这第一波，将会赋能线上医生的问诊，出现人工智能来承接线上问诊的工作，比如数字人医生，GPT结合现在的数字人技术,,True,"客观,趋势",neutral
AI能否替代医生问诊？,https://api.zhihu.com/answers/2901207577,中年医生,目前从聊天类型的ai看已经可以基本掌握患者表达信息的核心内容，而影像学更是ai最早开始攻克的领域。 从以上分析可见，未来ai可以完全胜任问诊甚至诊断工作。,,True,"认可,看好,肯定,期待",positive
人工智能达到了什么程度？,https://api.zhihu.com/answers/1519504732,张超,我们让这套模型去学习全国头部三甲医院专家的问诊过程，打造出来的机器人在问诊能力上能挤进全国的Top10%吧？,,True,"期待,能力推测",neutral
中医看诊能否实现人工智能化？,https://api.zhihu.com/answers/1881713019,荔枝糖,在某些疾病诊断过程中已经相当于顶尖人类一生的水平。在疫情期间智能问诊系统、肺炎咨询机器人、AI技术预测了新型冠状病毒的宿主和感染性、AI技术预测新型冠状病毒的全基因组二级结构等人工智能技术帮助医务人员一起抗击新冠,,True,"认可,辅助,有用,有价值",neutral
AI能否替代医生问诊？,https://api.zhihu.com/answers/2957713433,董玉雷,开发了针对术后病人的自动随访系统，有一定的可行性。 AI辅助医生问诊也是具有一定的可行性，提前收集一些病人的基本信息,,True,"客观,认可可行性",neutral
AI能否替代医生问诊？,https://api.zhihu.com/answers/2913330616,花花小生,那机器学习模型将无法通过正确的输入进入训练，导致AI模型所做的预测不正确。也正因如此，人们对AI问诊的结果也总会持怀疑态度。,,True,"怀疑,不信任,质疑",negative
AI能否替代医生问诊？,https://api.zhihu.com/answers/2966832670,Herman,也尝试过很多AI技术和AI算法。在此我想谈谈我个人对AI问诊甚至AI医疗的浅薄看法。 首先AI问诊其实并不新鲜,,True,"客观,初步看法",neutral
你认为人工智能看病有什么优点？,https://api.zhihu.com/answers/2890201276,数码人生,1、人工智能看病能够提高诊断精度和准确性，从而提高人们的生活质量； 2、人工智能看病可以更快地获得更准确的诊断结果,,True,"认可,提升体验,效率,准确,便捷,改善生活,积极",positive
有没有在医学领域好用的AI?,https://api.zhihu.com/answers/3455044488,<em>AI</em>绘画教练波波,在医学领域有好多好用的AI，它们正在改变着医疗行业。 AI在医学诊断中的应用 我们可以使用图像识别技术,,True,"认可,肯定,看好,实用",positive
如何看待线上问诊？,https://api.zhihu.com/answers/1924051733040037965,玩美数据研究院,三甲专家可能比外卖更快抵达你的手机屏幕。未来，线上问诊或许能和网购一样普及和便利。 爆发式增长：互联网问诊已成气候 互联网医疗早已不是新鲜概念,,True,"期待,便利,普及,看好,认可",positive
AI能否替代医生问诊？,https://api.zhihu.com/answers/2889301303,NLP算法工程狮,但是需要注意的是对于普通病人来说，病情的描述可能不会太准确。所以AI可以辅助医生问诊，但是不能替代。 我是@NLP算法工程狮,,True,"客观,谨慎,辅助,不可替代",neutral
医生在临床推理方面是否仍然优于人工智能?,https://api.zhihu.com/answers/1979704476483994315,Mike,各有千秋。人工智能强在检索和归纳，2.0阶段时可对提供信息有超前预判。但医学是不断发展的学科，AI受限于模型与算法,,True,"各有千秋,客观,受限于",neutral
AI能否替代医生问诊？,https://api.zhihu.com/answers/2893168682,火鸡工程师,AI不能替代医生的问诊，但是可以辅助医生完成问诊，提升医疗服务效率。例如，AI可以从海量的病人健康数据中学习,,True,"客观,认可,效率",neutral
AI能否替代医生问诊？,https://api.zhihu.com/answers/2980600735,Pendragon,还是制造汽车的厂商应该负责的问题。 这个问题很复杂，所以AI即便有能力实现看病问诊的功能，但也很难只让AI来做。,,True,"客观,谨慎,难单独应用",neutral
AI能否替代医生问诊？,https://api.zhihu.com/answers/3242143271,哈哈哈挺有趣,替代医生问诊目前还做不到，现在ai还是需要患者提供详细身体数据的，还有各项检查单，病变图片等，而且很多专业名词被问诊者也答不上来,,True,"客观,现状认知",neutral
AI能否替代医生问诊？,https://api.zhihu.com/answers/2892884751,筱江即何,1、医生问诊也是基于对病例的积累和对病人本身的数据检查和症状描述做出的诊疗方案。所以在数据和信息海量的情况下，AI是能替代医生问诊的。这当中需要2个节点完善信息，一个就是病人的检测数据,,True,"认可,支持,肯定",positive
AI能否替代医生问诊？,https://api.zhihu.com/answers/2967959823,陈大文,一些公司和机构已经尝试将AI用于医生问诊和治疗。但是，AI是否能够完全替代医生进行问诊呢？我认为答案是否定的,,True,"否定,客观判断",neutral
未来ChatGPT有可能代替医生问诊吗？,https://api.zhihu.com/answers/2889632467,心灯,所以如果出现家用血液检测仪，再结合外在症状加以分析，那么人工智能做问诊基本上是没有问题的。,,True,"认可,可行,看好",positive
AI能否替代医生问诊？,https://api.zhihu.com/answers/2903157096,西戎校尉,所以训练出的Ai写些简单需求的程序就比较好用。 Ai问诊有待发展，这将极大缓解医疗资源不平衡，看病难的问题,,True,"期待,缓解,有待发展,看好",positive
未来ChatGPT有可能代替医生问诊吗？,https://api.zhihu.com/answers/2919437403,绝密伏击,因此可以肯定的是，“人工智能不能够代替人类，不能够代替医生”。 在医疗领域，人工智能可以帮助医生更快、更准确地诊断疾病,,True,"认可,肯定,准确,快速,有效辅助",positive
谷歌发布全新诊断对话式AI在测试中击败医生，通过了图灵测试，如何看待此研究？AI医疗未来会如何发展？,https://api.zhihu.com/answers/3364011731,北方的郎,使得更多患者能够获得更好的医疗服务。现在，人工智能在短期内还无法完全取代人类医生。然而，随着人工智能技术的不断发展，人工智能在医疗领域的应用将会越来越广泛,,True,"客观,谨慎,期待,认可",neutral
人工智能可否用于眼科疾病的诊断？,https://api.zhihu.com/answers/565868627,马宁,他们现在是最接近临床应用的企业。原理是通过拍摄眼底照片，然后通过AI算法进行分析，目前的情况是能够判断四十多种常见病,,True,"客观,接近临床应用",neutral
有没有人试过用AI给开中药，比如deepseek或者chatGPT或者阿里千问也行，效果怎么样?,https://api.zhihu.com/answers/1972957201548215998,半目胜负,AI是个无私心的助手，只要能精准描述需求或症状，AI就会帮你解决问题。不只是中医，很多领域都是如此。执行力够强,,True,"认可,帮助,执行力强,无私心,有效,可靠",positive
有这么多AI软件可以问问题，那为什么还要问知乎呢？,https://api.zhihu.com/answers/99717675354,invalid s,因为AI目前仅仅是逻辑思维半入门/未入门状态而已。问事实性、常识性、分类性等有现成结论的东西，它很强,,True,"逻辑思维不足,事实性能力强",neutral
问一下知乎的医生们，以后的患者要是用DeepSeek问答的内容和你们对线要怎么办？,https://api.zhihu.com/answers/92044953147,momo,但是我会按照主诉和查体，给出自己的诊断和方案，如果要求我按照ai的方案之类治疗，对不起，能力有限，建议上级医院就诊,,True,"客观,谨慎,不按AI方案,建议上级医院",neutral
AI能否替代医生问诊？,https://api.zhihu.com/answers/2898433529,洞见观察室,根据目前的各种AI应用，目前AI还不能完全代替医生问诊，但是AI可以作为医生的助手来完成一些事物性的工作,,True,"客观,辅助,不可完全代替",neutral
有没有医疗平台可以实现远程问诊？,https://api.zhihu.com/answers/1018797766,元芳探险,里面都是全国各地的医生，北京协和医院的大咖也都可以在线问诊。 丁香医生-在线问诊使用攻略 之前为了让朋友更好的使用丁香医生,,True,"认可,方便,靠谱,推荐,实用",positive
AI医生在三甲医院辅助诊疗，病情评估更快更准，3-5分钟给出诊断报告，AI未来会取代人类医生吗？,https://api.zhihu.com/answers/103463293648,哦呵呵呵,先把分级诊疗搞好再琢磨ai吧。 路都走不好为啥急着跑？ ai确实是趋向！这个毋庸置疑！ 但是基层医院的电脑现在还在用奔腾的cpu,,True,"认可,质疑,批评,谨慎,观望",neutral
AI医生在三甲医院辅助诊疗，病情评估更快更准，3-5分钟给出诊断报告，AI未来会取代人类医生吗？,https://api.zhihu.com/answers/99898431938,疏狂一醉,在立法解决医闹之前，AI医生取代不了人类医生。 以前还能把锅扣到人类医生身上，AI医生来了，嘿！谁批准的无人门诊,,True,"质疑,不信任,不认可,无法取代",negative
现在市面上的几大线上问诊平台，哪家回复质量最高？,https://api.zhihu.com/answers/722051746,Bryce,通过单项测试，是无法完全反应平台真实情况的。 原因很简单，问诊的服务提供者是医生，而非平台工作人员。 回复的质量好坏,,True,"客观,局限性认知,真实情况考量",neutral
你觉得线上问诊靠谱吗？,https://api.zhihu.com/answers/1961480730208100378,秋姨李药师,轻症可以线上问诊，重症就不建议了，可能会影响病情。线上问诊的核心价值是 “补充线下诊疗”，而非 “替代线下医院”它适合解决轻疾咨询、慢性病随访、报告解读等问题,,True,"客观,谨慎,可尝试,适合,补充",neutral
你觉得线上问诊靠谱吗？,https://api.zhihu.com/answers/1953391608054673877,仁者爱人,也会开启付费服务。 最后总结，不是线上问诊靠不靠谱，是你要明确线上问诊的目的是什么？疾病了解，大的治疗方向和预后可以,,True,"客观,明确目的,可了解疾病,可了解治疗方向,可了解预后",neutral
目前人工智能应用于医学诊断的进展如何？？,https://api.zhihu.com/answers/175136725,Apocalypse,肠镜病理特征如何，又可以大幅度缩小疾病范围，这些事情说实话，用人工智能来做绝对会比人做的更好更快，至于外科手术，这种程序化的活儿,,True,"更好,更快,认可,支持",positive
人工智能进入医疗行业，有多少好处?,https://api.zhihu.com/answers/3935988164,DeepArena,即便是成为医生的copilot形式的产品也要面对着，AI真话混着假话的回答情景，在医生高强度问诊的场景是否能够及时分辨AI提供参考依据中的错误对于医生的医术水平来说是极大的挑战,,True,"挑战,需分辨错误,谨慎",neutral
医院引入 AI 管理系统后，患者就医体验与医疗效率有何变化？,https://api.zhihu.com/answers/1981381607693772034,朗深技术,但总会在“最后一公里”卡住——比如老人不会用、突发状况系统傻眼。说白了，AI得有人“托底”，关键是把智能流程和人工服务无缝捏合。这活儿考验的是系统底层的连接能力，像iSoftCal这种中间件，专治各环节对接不畅，让AI和人工能平稳交接，减少“适应成本”。,,True,"卡住,傻眼,托底,无缝捏合,对接不畅,平稳交接,减少适应成本",neutral
大家怎么看待AI医疗这个行业呢？,https://api.zhihu.com/answers/1969889631932753554,<em>AI</em>医声,让医院自己去做AI医疗产品？不现实。 反过来，你也没见过哪个AI医疗公司自己去开医院的。 但在其他AI行业，这种情况却很常见,,True,"不现实,客观,事实对比",neutral
什么是 AI 医疗？,https://api.zhihu.com/articles/1966825293793719588,MATLAB中国,机器人手术 - AI 在医疗领域的一项应用。 使用 AI 医疗的优势和挑战 实施 AI 医疗方法可以为医疗保健领域带来诸多好处,,True,"认可,有益,看好",positive
蚂蚁CEO韩歆毅：AI不会取代医生,https://api.zhihu.com/articles/1949529782644618014,华尔街见闻,健康管理却是高频需求，两者结合可为AI深度服务提供土壤。 而回答“通用AI与专业AI哪个更适合医疗健康领域”的问题时,,True,,neutral
“AI儿科医生”直击医疗痛点,https://www.zhihu.com/kvip/sku/paper/1980584559092454229,,"AI赋能医学,将来带动的可能是另外一个高地。目前,AI通过赋能临床决策、扩容基层医疗资源、优化健康管理,正推动“AI+医疗”生态发展。今年,首都医科大学附属北京儿童医院(以下简称“北京儿童医院”)发布",,True,"客观,中立,描述发展",neutral
AI医疗影像：在数据“围城”中如何突围,https://api.zhihu.com/articles/1981378000189679367,经济观察报,头部三甲医院几乎都引入了AI医疗影像产品。 AI为医疗影像的价值 AI技术已为医疗影像领域带来巨大价值。,,True,"认可,肯定,价值,正面",positive
AI医疗的切入点在哪？,https://api.zhihu.com/answers/1963210850920824942,何望海,一、 协和样本：AI如何切入真实医疗场景 武汉协和医院的“AI智慧门诊”展示了AI切入医疗流程的三个精准维度,,True,客观,neutral
如果评价蚂蚁推出的AI医疗健康应用AQ ？,https://api.zhihu.com/answers/1971854876687460079,唐辰同学,把王小川的设想实现了。 蚂蚁的AI医疗路径很清晰，即通过AI服务深入更多医疗场景与需求，依靠“支付+医疗+AI技术”三角架构,,True,"认可,清晰,看好",positive
AI可以完全取代医生护士吗？,https://api.zhihu.com/answers/1953502585400059373,山西力汇智联,AI当然不能完全取代医生和护士 AI在医疗中只能充当辅助的作用，辅助诊断，辅助信息汇总等一系列辅助功能。 AI只是医疗信息化进程中的一个小小板块,,True,客观,neutral
AI医疗时代，索斯科赋能人机交互更高效,https://api.zhihu.com/articles/1976013785941685986,索斯科锁定技术,随着国家大力推进“人工智能+医疗”应用，AI医疗正从技术探索走向全面落地，成为提升医疗质量和效率的重要力量,,True,"认可,提升质量,提高效率,重要力量,落地推进",positive
AI+医疗，被神话了,https://api.zhihu.com/articles/24997729069,氨基观察,01 / AI医疗狂想曲 “AI将使药物开发成本降低4倍，并将研发投入的回报提高5倍；AI将使癌症筛查的效率提高20倍,,True,"认可,期待,高效,成本降低,回报提升",positive
最全盘点AI医疗上市企业：谁在领跑国内“AI+医疗”黄金赛道？,https://api.zhihu.com/articles/1930541286928127874,<em>AI</em>小医,AI医疗崛起，上市企业成创新引擎 AI医疗结合了人工智能和医疗健康技术，正在全球范围内快速发展，尤其是在中国,,True,客观,neutral
2025全球AI医疗TOP30 | AI医疗,https://api.zhihu.com/articles/1945541809263609473,科普新视界,鹰瞳科技在港交所上市，成为全球“医疗AI第一股”。 08 Viz.ai (美国) Viz.ai是AI赋能卒中（中风）护理的全球典范,,True,"认可,肯定,正面评价,典范",positive
AI+医疗：解析智慧医疗产业如何应用？AI+医疗：解析智慧医疗产业如何应用？,https://api.zhihu.com/answers/1967018458786033928,wgwang,AI医疗：技术、实践与未来 走向未来 在探讨人工智能（AI）于医疗健康领域的应用时，一个普遍的认知起点是将其视为一项颠覆性技术,,True,"认可,期待",neutral
未来医生会不会被AI取代？,https://api.zhihu.com/answers/1889695437226762455,捕手,医疗行业会变成AI+医生的模式。未来的世界不是AI取代人类，而是会用AI的人取代不会用AI的人。 真正聪明的医学生应该现在就开始学习如何与AI协作,,True,"认可,支持,建议,协作,学习,期待",positive
如果评价蚂蚁推出的AI医疗健康应用AQ ？,https://api.zhihu.com/answers/1970879978087362626,量子位,蚂蚁集团CEO韩歆毅表示： 医疗健康的特殊性决定了专业AI的不可替代性，AI医疗健康做到极致的话，用户不会走,,True,"认可,看好,肯定,期待",positive
20250724调研AI＋医疗,https://api.zhihu.com/articles/1931797663700985729,平流层小韭菜,盈利逐年稳步增长。 机构调研里也未提到AI医疗相关。 5、小结 以AI＋医疗概念正宗程度考虑的话，最正宗的是万孚生物,,True,"客观,判断,陈述,中立",neutral
AI可以完全取代医生护士吗？,https://api.zhihu.com/answers/1950838538129114139,orochi2k,少年，去医院让你选AI医生和人工医生，你选谁？ 如果医院默认AI医生，你会在多久之内要求换人工？ 再牛逼的AI目前也会犯错,,True,"担忧,不信任,风险,疑虑,否定",negative
未来医生会不会被AI取代？,https://api.zhihu.com/answers/1960348370561406818,指令视界,这看似戏剧却真实发生的一幕，折射出AI技术在医疗行业引起的震动：AI来了，医生会被取代吗？AI看病开的方，人们能放心使用吗,,True,"担忧,疑问,谨慎",neutral
医生会被AI取代吗？,https://api.zhihu.com/answers/112433497290,馨上人,医生给出治疗方案或是Ai采集病人的发病特征，医生通过数据收集后给出相应方案的手段释放更多医疗资源。Ai转变为一线采集,,True,"高效,认可,资源释放,医疗资源优化",positive
AI 在眼科疾病诊断中，未来可能取代医生的哪些工作？,https://api.zhihu.com/answers/1977099689074648053,儿眼医生汤锡强,所有医学学科，除了医学伦理层面和医疗责任归属层面对人类医生会有依赖，医生具备的各种技能，几乎都可以被AI取代。非技能部分，如人文关怀层面，AI、机器人完全取代人类医生可能还需要较长时间的进化迭代。越来越有趋势证明，人类医生正在变成一个AI诊疗选项的“打钩人”。但近一二十年,,True,"客观,依赖,谨慎,观望",neutral
AI能取代医生吗？,https://api.zhihu.com/answers/1899121690035880739,易聪HIS系统,AI无法取代医生，他只能充当一个辅助接诊的工具，最终的决策权，依旧是在医生手上。 AI是根据整和网上的资料,,True,"客观,辅助工具,不取代,医生主导",neutral
医生会被AI取代吗？,https://api.zhihu.com/answers/18415506843,切玉斋随笔,先说结论:【医生不会被AI取代，但不会或拒绝使用AI工具的医生会被娴熟运用AI工具的医生取代。】,,True,"客观,明确,认可AI工具,肯定医生价值,强调工具重要性",neutral
对于 AI 医疗的一些头脑风暴,https://api.zhihu.com/articles/1942518437692831711,别拿冰女不当C,但另一方面，发展速度不会像AI chatbot 那么快。与 AI通用聊天机器人相比，医疗AI 的发展速度会慢很多,,True,"客观,中立",neutral
AI与医疗,https://api.zhihu.com/articles/1958295712543511024,代码诗人,AI点亮医疗之光：实战案例中的希望 在医疗的战场上，AI正逐渐成为不可或缺的“战友”，为守护人类健康冲锋陷阵,,True,"希望,认可,不可或缺,守护",positive
AI到底会不会取代医生？,https://api.zhihu.com/articles/13321088896,知乎用户nvmnFz,“AI不会取代医生，但会使用AI的医生将取代不会使用AI的医生“。 随着人工智能（AI）技术的快速发展,,True,"客观,明确,认知清晰,理性判断",neutral
AI+ 医疗的星辰大海,https://api.zhihu.com/articles/1909634500134147904,北极的树,这一政策也为未来AI医疗的发展铺平了道路。 由于我本身并不从事医疗行业，因此对人工智能在具体医疗场景中的应用进展了解不多,,True,"客观,观望,了解不多",neutral
未来的AI能取代临床医生吗？,https://api.zhihu.com/answers/1950919299083527129,假装在剑桥,从临床实践的角度看，是的！未来的AI是能够取代临床医生的！ 以美国为例，AI辅助应用已经深度整合至医疗体系的各个方面，极大地提升了生产力效率,,True,"认可,看好,提升效率,肯定",positive
AI诊疗能取代医生吗？,https://api.zhihu.com/articles/26517582961,掌中书教育,清华大学、复旦大学、香港中文大学、南京大学等顶尖高校，以及部分医疗机构也加入了这场AI医疗的发展浪潮之中。 AI儿科以上上岗，AI医院上线所有的迭代好像在今年爆发了,,True,"客观描述,发展进展,爆发态势",neutral
AI+医疗？我们可能搞错方向了,https://api.zhihu.com/articles/699552911,和智诚刘,但愿能有好的发展。 在我看来，AI并不适用于医疗的绝大部分领域，特别是核心的诊疗工作： 1、 AI基于大数据，本质上是统计学,,True,"期待,否定,客观",neutral
AI医疗产品需符合用户心意,https://api.zhihu.com/articles/1956353612449059133,健康报,关键在于研发出优质AI医疗产品。 AI医疗正以空前的速度和力度重塑医疗格局。在这股技术革新浪潮中，AI医疗产品研发究竟该以什么作为基础,,True,"重视研发,客观认知,疑问态度",neutral
“AI医生”会取代医生吗？专家们给出答案,https://api.zhihu.com/articles/30294393521,与爱共舞论坛,目前我们还不太建议把人工智能作为诊断的主要依据或者唯一依据。 1 AI问诊存在的风险 虽然AI问诊为我们提供了极大的便利,,True,"谨慎,风险,便利",neutral
从狂热到清醒：我对AI医疗泼点冷水,https://api.zhihu.com/articles/1931372962231071069,体外诊断网,医生护士仍然是核心。他们需要学习如何和AI协作、如何解释AI的建议、如何监督AI的表现。遗憾的是，大多数方案都没有把系统性的职能培训计划放进去,,True,"遗憾,不足,需培训,协作需求,监督需求",negative
如果评价蚂蚁推出的AI医疗健康应用AQ ？,https://api.zhihu.com/answers/1924496322129556976,Adam,所以AI医疗的爆款一定来自小场景，小模型，细分专科。一下子做成万能型很难，现阶段爆款AI医疗的关键是围绕着细分需求,,True,"客观,谨慎,观望,聚焦细分",neutral
AI医疗，谁来兜底，如何兜底？,https://api.zhihu.com/articles/31506335388,蚌埠检察,赵精武还建议，分领域细化AI监管规则体系，包含AI医疗器械监管、AI医疗系统监管、AI医疗数据监管等。 在支付模式层面,,True,建议,neutral
华为引爆AI医疗新纪元,https://api.zhihu.com/articles/24495202193,thundery,标志着华为正式加入AI医疗领域的竞争。这一动作不仅引发资本市场剧烈反应，更被视为AI技术颠覆传统医疗行业的关键转折点,,True,"客观,判断",neutral
行业风口｜AI + 临床/医疗,https://api.zhihu.com/articles/1961546966086432033,老王聊晋升,来看看AI在临床医疗中的真实落地，特别是医疗影像与医生助手方向。本人也正巧曾在AI + medical,,True,"了解,好奇,探索",neutral
医疗+AI 还是 医疗+金融？？？,https://api.zhihu.com/answers/83513236543,纷繁知识杂货铺,使其在2025年的市场表现值得期待。 潜力无限，AI+医疗市场广阔 AI在医疗领域的应用，早已超越了数据处理和辅助诊断的范畴,,True,"值得期待,潜力无限,广阔,超越",positive
AI医疗概念股一览表！,https://api.zhihu.com/articles/24336198829,胡锡进,辅助医生早期筛查，降低误诊率。 AI医疗产业链分类 病理诊断 慢病管理 医疗系统 制药研发 AI医疗相关企业及产品 泓博医药,,True,"辅助,降低误诊率",positive
大厂纷纷疯狂下注，AI医疗不再“鸡肋”？,https://api.zhihu.com/articles/1932166491190572915,未来图灵,在过往没有被满足。今天AI的发展，确实给医疗服务提供了技术突破的可能性。 AI医疗不再“鸡肋”了？ 二十多年前,,True,"改观,突破可能性,客观,可能性",neutral
不要让“AI+医疗”变成一次性买卖,https://api.zhihu.com/articles/1888547455412438803,氨基观察,木头姐在年度报告中预言，AI医疗将重构万亿美元健康产业；Tempus AI成了AI医疗当红炸子鸡，短短一个月股价涨了接近200%,,True,"看好,预期增长,前景广阔,受欢迎",positive
科技巨头竞逐 AI 医疗赛道，AI 医疗迎来爆发式增长,https://api.zhihu.com/articles/1925495745974362349,答魔数据-答魔君,结语：AI 医疗的未来是 “人机协同” 华为、蚂蚁在 AI 医疗领域的布局显示，AI 医疗正从单点技术突破走向生态化竞争,,True,客观,neutral
科普天地|“AI+医疗”产业化提速,https://api.zhihu.com/articles/1925318192823252245,晒科网,要以审慎乐观的态度积极应对。 技术驱动突破 “AI+医疗”潜力巨大 “人工智能在医疗领域潜力巨大，有望在健康管理、早期筛查、疾病诊断、康复护理、患者教育等多个环节辅助诊疗,,True,"审慎,乐观,积极,看好,潜力巨大,有望",positive
AI+医疗，大模型重塑医疗生态,https://api.zhihu.com/articles/29639510072,调研菌,巨头入场角逐，传统医疗企业创新转型 从海外经验来看，英伟达、微软等AI巨头积极布局医疗领域，看好AI医疗发展前景,,True,"积极,看好,认可,期待",positive
脑机接口+AI医疗，最正宗的9家公司,https://api.zhihu.com/articles/1918622557080360021,股海密探者,“脑机接口智能康复系统” AI医疗：公司持有全诊医学约20%股权，间接参与到AI医疗行业，旗下AI系列产品在三甲医院实现使用,,True,,neutral
AI将重塑人类文明形态 （二）让 AI医疗成为人类健康的守护神！,https://api.zhihu.com/articles/10028776801,徐鸣,主要是线下开展急救（智能ICU）、手术（手术机器人）、专业检测（CT、核磁共振等）医疗服务，依靠大型AI医疗设备，给需要深度医疗的患者提供切实的医疗服务。 未来的AI医疗，带来的不仅是医疗质量的大幅提升,,True,"认可,期待,提升,切实服务",positive
AI 医疗：腾讯的神秘新版图,https://api.zhihu.com/articles/52396016,史中,要依托腾讯公司建设医疗影像国家新一代人工智能开放创新平台。 这就厉害了，意味着腾讯在医疗 AI 方面的努力,,True,"认可,看好,赞赏",positive
AI医疗,https://api.zhihu.com/articles/722060076,立聪堂南通,AI已经进入医疗，未来会有一部分医生的工作被AI替代，回复更全面 AI也就是人工智能，在未来会成为很多行业从业人员的助手,,True,"客观,观望,谨慎,中性描述",neutral
AI医疗开源数据（汇总）,https://api.zhihu.com/articles/578740100,shenda,，未考虑影像、基因、药物分子、知识图谱等 可供AI医疗相关机器学习、深度学习算法研究和测试使用 每个数据库都值得深入研究,,True,"认可,值得研究,支持研究,推荐研究",positive
Ai医疗接入深度求索的有哪几个A股？,https://api.zhihu.com/answers/104232749218,像素未来,AI医生助手可能纳入初级诊疗体系，社区医疗场景爆发。 四、普通人如何抓住AI医疗红利？ 1. 职场人机会： 转型AI医疗产品经理（需医学+IT复合背景）,,True,,neutral
揭秘AI医疗：概念股与未来趋势！,https://api.zhihu.com/articles/26141783482,张红阳,如智能影像设备、智能诊疗机器人等。因此，医疗设备制造商将受益于AI医疗的发展。 AI技术提供商：AI技术的发展是推动AI医疗发展的关键因素,,True,"客观,受益,关键因素",neutral
AI 医疗产品分析报告：洞悉医疗 AI 的未来发展趋势,https://api.zhihu.com/articles/1910455372789057481,酒酿勃艮第,医疗 AI 在 AI 领域备受瞩目，讨论热度持续高涨。各类 AI 技术在医疗健康领域均有用武之地：复杂诊断依赖推理能力,,True,"认可,看好,热度高涨,有用武之地",positive
AI医疗的黄金赛道，大厂卷疯了,https://api.zhihu.com/articles/1915492110276227761,光锥智能,其原本就是从事医疗专业的人才，来对AI的回答进行纠错。” 医疗大模型，虽然是AI+医疗的敲门砖，但想要真正撬动AI医疗让更多的人用起来,,True,"客观判断,期待普及",neutral
AI医疗革命：DeepSeek爆火背后的机遇与挑战,https://api.zhihu.com/articles/26759654543,内科邹医生,我们可以看到AI在医疗领域的前景巨大。 一、AI在医疗领域的核心应用场景 医学影像诊断的智能化AI通过深度学习技术分析CT、MRI、X光等影像数据,,True,"看好,期待,认可",positive
2024中国AI医疗产业研究报告,https://api.zhihu.com/articles/710303247,甲子光年,包括但不限于影像诊断、药物研发、临床决策支持、健康管理等。AI医疗的价值体现在提升医疗服务质量、增加医疗服务可及性以及降低医疗成本上。 AI影像：AI在医疗影像分析中展现出巨大潜力,,True,"客观,中立,初步判断",neutral
AI 医疗│触手可及的未来技术,https://api.zhihu.com/articles/12905230027,朱氏药业集团,从当前的发展态势来看，AI 医疗的普及正在加速。越来越多的医疗机构开始引入 AI 诊断工具，辅助医生进行疾病诊断,,True,"客观,中立",neutral
全国首家AI医院将面向公众开放 AI会取代医生吗？,https://api.zhihu.com/articles/21433573625,广州健信科技,在这家由清华大学智能产业研究院团队打造的AI医院里，首批42名AI医生正在进行内测。近年来，AI已在医疗卫生健康领域带来革命性的变革,,True,"认可,看好,积极,革命性",positive
医疗+AI 还是 医疗+金融？？？,https://api.zhihu.com/answers/3430256293,飞机是HR,我来简单的说说目前AI医疗的那些成熟的科技吧。 首先是AI影像学，之前几个医生一天观察的CT片子，AI影像几分钟内就可以观察上千个片子,,True,"客观,高效,成熟,认可",neutral
AI医生来了！门诊医生会被取代吗？深度解析未来医疗真相,https://api.zhihu.com/articles/26013615163,大力出神位,推动肺癌早筛智能化。 结语：AI不会取代医生，但会淘汰不懂AI的医生 AI的崛起并非医生的末日，而是医疗行业的进化契机,,True,"认可,期待,进化契机,不取代,积极",positive
未来AI能否取代医生和药剂师?,https://api.zhihu.com/answers/3421398952,子况,但最终的开药决策和患者指导仍需要药剂师的参与和负责。 AI在医疗诊断、治疗方案提供、医学研究、疾病预测等方面的确显示出了巨大的潜力和优势。AI能够处理和分析大量数据,,True,"认可,潜力,优势",positive
探索AI医疗的无限可能,https://api.zhihu.com/articles/9833421078,东莞中科智汇,探索AI医疗的无限可能——中科智汇助力医疗行业智能化升级 AI医疗，正处于一个即将爆发的拐点。近年来,,True,,neutral
AI是否能在未来取代社区医生？,https://api.zhihu.com/answers/2816585188,咖喱给给,医生在给患者做诊疗时往往会有自己的“思路”，但AI没有办法把自己的思路说出来，会导致即使AI做了正确的决定，但人因为无法理解AI的想法，导致不敢贸然相信,,True,"不信任,不敢相信,担忧,无法理解",negative
AI医疗的切入点在哪？,https://api.zhihu.com/answers/2713333287,AIDD Pro,只有69%左右，但是可以说是开辟了AI医疗的先河。时至今日，Ai对医疗方面的应用，已经扩展到预防，康复,,True,"认可,肯定,开拓,拓展",positive
AI与医疗应用场景概要,https://api.zhihu.com/articles/32374789,别拽我的红领巾,有近4成的消费者不愿意接受人工智能来看病，即使对人工智能+医疗相对宽容的用户，也仅愿意用人工智能进行常规指数监测、心率监测、健身监测等非治疗环节,,True,"不愿接受,相对宽容,仅愿非治疗,谨慎",neutral
AI医疗产品的商业模式探索,https://api.zhihu.com/articles/560661590,Ryan Partners睿安咨询,随着越来越多AI医疗产品的面市，AI医疗产品的辅助诊断能力已经慢慢得到临床的认可，当然，目前AI医疗产品还不能替代医生,,True,"认可,客观",neutral
AI取代放射科医生还需多久？,https://api.zhihu.com/articles/27964748,陈大强,从各巨头们纷纷入局智能医疗来看，医疗已经成为人工智能发展道路上的重要跳板。而AI与医疗来说最大的优势在于具有极强的数据信息抓取能力,,True,"优势,重要,高效,认可",neutral
如何看待AI+医疗类项目的商业化前景？,https://api.zhihu.com/answers/2657039735,Ryan Partners睿安咨询,随着越来越多AI医疗产品的面市，AI医疗产品的辅助诊断能力已经慢慢得到临床的认可，当然，目前AI医疗产品还不能替代医生,,True,"认可,客观",neutral
Amazon Bedrock：AI 医疗助手构建攻略,https://api.zhihu.com/articles/1930047734552958469,云云众生,Streamlit 应用程序 医疗保健 AI，简化 我们刚刚在几个小时内构建了一个复杂的 AI 医疗保健助手，而不是几个月,,True,"简化,高效,认可,便捷",positive
影像AI能取代医生吗？——请不要用“智能诊断”绑架“影像AI”,https://api.zhihu.com/articles/662373369,李善杰,不建议采用AI诊断；（5）对于肺结节的AI，要注意肺门区病变的再次观察；（6）对于肋骨骨折AI，要注意对于疼痛部位以及AI所提示骨折部位邻近肋骨的观察,,True,"不建议,谨慎,需警惕",negative
如何看待AI（人工智能机器人）取代眼科医生？,https://api.zhihu.com/answers/410277064,赵新华,"AI 取代眼科医生, 这个事情有三个问题. 1) 有效性问题, AI是否比眼科医生有更高概率的正确诊断率",,True,"疑问,有效性问题",neutral
AI是否能在未来取代社区医生？,https://api.zhihu.com/answers/2819032211,TaskIn创业笔记,而且没有太多专业医疗设备的情况下，和ai对比唯一的优势也不存在了，目前这些社区医生唯一的优势就是利用仪器设备获得ai无法获取的数据,,True,"客观,优势对比,事实陈述",neutral
AI医疗领域业界现状，下一个风口是什么？,https://api.zhihu.com/articles/1964996315458045902,日常科技狂,深有感触，分享给大家。 AI医疗 ≠ 智能诊断 很多人一提到AI医疗，第一反应是“AI能不能替代医生做诊断”,,True,"深有感触,疑问",neutral
AI医疗方向的计算机博士值得读吗？,https://api.zhihu.com/answers/3320304518,HOPE,我们组就是搞AI医疗，目前从我们组今年找工作的情况来看，确实有些难。工业界里搞医疗的组要么被砍了，剩下的基本没坑不招人了,,True,困难,neutral
现阶段 AI 医疗落地面临的最大瓶颈，是技术、数据还是商业模式？,https://api.zhihu.com/answers/1973348333998331545,余生,使用成本并不高，能够较好的维持利润。AI医疗就不一样，没有通用价格 实际上AI定制模型是可以做的，例如针对不同疾病设计,,True,"认可,成本可控,可做,可定制",positive
AI在医疗领域可以替代人类吗？,https://api.zhihu.com/answers/115461754738,gcd0318,凑巧在医疗AI 厂商干过，产品在国内外都拿过注册证，都是可以卖的，但是医院没兴趣，道理很简单，我产品的准确率98%,,True,"客观,无兴趣",neutral
如何看待浙大一院发布准确率高达95%的病理AI大模型Omnipt？将对医疗行业带来哪些影响呢？,https://api.zhihu.com/answers/101229891303,囚徒,看了一下，还是挺感兴趣的，强答一下。 病理AI算是AI医疗里很有前景的一个方向，如果真能做到像新闻里说的“3秒锁定癌症病灶,,True,"感兴趣,看好,期待",positive
大家怎么看待AI医疗这个行业呢？,https://api.zhihu.com/answers/1003294647,创投刘兴宇,基本上是因为他们本身产品还不错，加上了ai的功能，是一个不错的营销点。 如果一头想要扑进AI领域，AI医疗不应该是你的第一选择,,True,"认可,不错,建议,客观",neutral
AI医疗：助力医疗水平提升,https://api.zhihu.com/articles/360820950,FedAI联邦学习,将在很大程度上提高当前医疗行业水平。 但AI+医疗却也面临着重大的挑战。由于医疗工作的特殊性，患者的个人隐私保护显得尤为重要,,True,"认可,担忧,重视,提高,挑战",neutral
AI医疗重上风口，AI医疗独角兽们的美好时代到了？,https://api.zhihu.com/articles/341725426,野豹财经,来自市场竞争、技术应用等方面的问题，也在对AI企业提出新的考验。 医疗AI重返风口 国内AI医疗行业的发展，可谓是一波三折,,True,"客观,波折,考验",neutral
AI医疗行业的攻坚与未来,https://api.zhihu.com/articles/482807005,亲临天下手握星河,目前，AI在医疗行业的应用仍处于初级阶段，“AI”、“医疗”关键词背后的IT领域和医疗领域这两个交叉学科未来还将会在方方面面进行融合,,True,客观,neutral
人工智能会不会代替医生？,https://api.zhihu.com/answers/4274563487,噬菌体,其实感觉在科室蹲过，就知道绝大部分医生都可以被替代。不仅如此，别说AI，稍微上点管理，医院的通量和质量都会上去。有些人说什么合作啥的觉得取代不了可能是无知,,True,"认可,肯定,高效,质量提升,无知",positive
研究生选方向（粗方向是AI+医疗），细分方向建议选哪个？,https://api.zhihu.com/answers/3526501988,知乎用户r0wq99,劝退 行业从业者告诉你都是坑 因为市场体量太小了 手术机器人一年全国采购量能有10个亿都不错了 10个亿都给一家公司,,True,"劝退,坑,否定,不认可",negative
未来AI医生会不会被大家普遍接受？,https://api.zhihu.com/answers/2845623999,拉尼亚凯亚,随着AI技术的进步，AI的准确率会超过医生，尤其是看片子、开处方的医生，靠经验，说白了就是统计学，AI完全可以取代,,True,"认可,看好,期待,肯定",positive
人工智能医生会取代医生的工作吗？,https://api.zhihu.com/answers/2971123956,臭臭林<em>医生</em>,Chatgpt如何毁灭医生！哪个科的医生会先消失？,,True,"担忧,否定,不信任",negative
医生究竟会不会被AI替代？,https://api.zhihu.com/answers/3391202349,李想AI编程,这些方面是人工智能难以企及的。因此，在未来相当长的时间内，医生不会被人工智能取代，而是与人工智能共同发展，为人类健康事业作出更大的贡献,,True,"认可,看好,支持,积极",positive
人工智能医生会取代医生的工作吗？,https://api.zhihu.com/answers/151184678,闫依森,医学的发展一直是要依赖科技的发展，不过人工智能是否能取代医生，我觉得作为口腔医生我不担心这个问题。 其它科的我不敢说,,True,"不担心,不敢说,谨慎",neutral
医生究竟会不会被AI替代？,https://api.zhihu.com/answers/3380680514,隐居90后,用药物治疗，人工智能可以替代，而且替代得更好。操作性，可以，但是特别难，如果操作性也可以被人工智能替代，那么就像电影机械公敌里的,,True,"认可,可行,困难",positive
人工智能会不会代替医生？,https://api.zhihu.com/answers/2490811702,赵泠,人工智能可以代替一部分医生，与其余医生更好地合作。 当前的人工智能可以在医院的行政、资源优化、临床工作流程优化、制图、消毒、诊断、图像分析、决策支持、个体化和远程医疗解决方案等领域发挥作用,,True,"认可,可行,可合作,有效,可应用",positive
人工智能会不会代替医生？,https://api.zhihu.com/answers/2961201553,庄有猫,AI 会不会取代医生？ 最近网上有一个帖子传得比较多，关于未来几年内人工智能会取代医生的，还说首当其冲的就是影像科医生,,True,"疑问,讨论,关注,观望",neutral
人工智能在医疗领域的应用会完全取代医生吗？,https://api.zhihu.com/answers/14433860987,苏孟官,ai手术台能够24小时做手术，人办不到。在医疗领域里，可能两名麻醉医师与两名医生就能够同时进行4~5台手术。 而看病在中西医来说也是根据症状给结论,,True,"客观,事实陈述",neutral
影像科诊断医师在未来20-30年内会被人工智能取代吗？,https://api.zhihu.com/answers/115005627386,半旧青衫,时代抛弃你的时候连一个招呼都不打的，人工智能海量的影像病例，同时人工智能的学习能力和效率远高于人脑。影像扫描刚做完,,True,"认可,效率优势,学习能力优势",neutral
人工智能进入医疗行业，有多少好处?,https://api.zhihu.com/answers/4223274608,ryzhang,人工智能进入医疗行业最大的好处就是可以替代掉所有的内科医生 反正现在的内科医生也都是读指标按书开药方,,True,"认可,好处,优势,替代",positive
人工智能可以替代医生吗？,https://api.zhihu.com/answers/300874081,50 West,大部分医生的工作会被人工智能代替，最早的应该是影像诊断包括病理，现在技术就已经达到机器比人做的既快又准。人工智能不可能也没有必要做到100%准确,,True,"客观,认可,谨慎,高效,准确",neutral
人工智能会不会代替医生？,https://api.zhihu.com/answers/2491259054,陈子杨Dr.outside,再回到问题，人工智能会不会代替医生？ 人工智能不仅能代替医生，甚至可以优于医生。 但各位医生不要操心，这东西用不到你们医院去,,True,"认可,放心,优于,肯定",positive
AI 夺走影像科医生工作？不，他们反而更忙了,https://api.zhihu.com/articles/1954851405136393535,段小草,无法完全取代医生的根本原因。 最终如果影像科医生犯了错误，他们会被起诉。如果 AI 取代了影像科医生，那么每次,,True,"客观,谨慎,观望",neutral
人工智能会让医生失业吗？,https://api.zhihu.com/answers/1970780752368082981,梅香寒,在可预见的未来内，人工智能不可能让医生失业。 举个最简单的例子： 就算现在人工智能，真的具备了独立进行手术的技术能力,,True,"客观判断,不相信取代,理性认知",neutral
人工智能医生会取代医生的工作吗？,https://api.zhihu.com/answers/1112709047,gkbeing,只是不了解这些技术医生被了解这些技术医生淘汰了。毕竟机器人不能对患者负责，而负责的是医生,,True,"不了解,不信任,担忧,认可",negative
用人工智能逐渐代替门诊医生是否有可行性？,https://api.zhihu.com/answers/151454970,马汉东,各类新兴的人工智能创业公司也好（非常不幸，我们也是其中之一），最终的目的无非是实现用人工智能取代医生。当然，为了考虑大众和医生群体的看法,,True,"不幸,考虑群体看法,客观陈述",neutral
智能医疗机器人会替代医生的工作吗？,https://api.zhihu.com/answers/314478348,蒋竺波,我就是做医疗AI的，替代是很难的，人工智能➕医疗无非是提高医生的工作效率，类似于医生得力助手之类，因为一个人的病存在大量的可能性,,True,"难以替代,提高效率,得力助手,病情复杂",neutral
人工智能在医疗领域的应用会完全取代医生吗？,https://api.zhihu.com/answers/4681939027,亚创科技,不会的，人工智能会协助医生处理部分工作，增加工作效率，部分工作还是需要医生去完成。 并且人工智能涉及到的伦理、安全等问题还需要进一步优化和被接受,,True,"效率提升,需优化,待接受,客观",neutral
医生这个职业未来有可能会被人工智能替代吗？,https://api.zhihu.com/answers/713170950,Equity,开药到最终的治愈，都需要医生的参与。人工智能（AI）能够代替的领域，至多是“诊断病情”这一个项目上，为医生提供比人工诊断更加准确和快速的结论,,True,"客观,准确,快速,局限",neutral
AI医疗推广后，医生这个职业是否会重新洗牌？,https://api.zhihu.com/answers/125062448823,行多久方为执着,Ai出不出来也一样会被淘汰而被洗牌。 只有当人工智能能独立完成诊疗，特别是手术，医生才会完全洗牌，新医生只需要人文关怀即可,,True,"客观,趋势判断,淘汰,洗牌",neutral
当人工智能主导医疗，人类医生何去何从？,https://api.zhihu.com/answers/77874024183,哄哄,呵呵！在中国DRG环境下，如果真正AI取代医生治病，如果按AI行病人治疗，我就设想医院会不会赔的没影,,True,"担忧,担心,风险,顾虑",negative
未来医学影像医生会被AI取代吗？,https://api.zhihu.com/answers/1909902262345666936,懋式百科 李懋,理论上都有这个风险，不光是影像科医生。当然并不是说，我觉得短期内AI会取代影像科医生。 这是国外一些专家对AI是否会取代影像科医生的观点,,True,"风险,客观,谨慎,短期不取代",neutral
当人工智能主导医疗，人类医生何去何从？,https://api.zhihu.com/answers/94357186939,医学狗,人类医生会审核人工智能的医疗。 你真的能指望一个发展了4年还分不清9.11和9.9哪个大的玩意给病人治病,,True,"不信任,质疑,担忧,不指望",negative
随着人工智能医学的发展，传统医学书籍的阅读和学习模式会发生怎样的变化？,https://api.zhihu.com/answers/1981273697470928141,呜莎花园,破除旧知识束缚的能力极差。 当人工智能遇到逻辑推理结论与旧知识冲突的时候，就会陷入逻辑混乱，它们试图通过话术把错误的知识和逻辑推演结果缝合起来。 医学知识大量来自于实践、临床观察和统计学结果，是知识更新速度最快的领域之一。所以，人工智能辅助医学学习也是风险最高的行业之一,,True,"否定,风险,逻辑混乱,担忧,不认可",negative
人工智能会让医生失业吗？,https://api.zhihu.com/answers/3333976317,雨飞,其实AI已经渗透到了这个行业，而医生也可以借助这些工具来减轻自己的工作压力。 比如，医生可以使用网上智能问诊系统，针对病人的病情预先提出集中不同的方案,,True,"认可,辅助,缓解压力,优化方案,提高效率,支持,帮助,认可AI工具",positive
人工智能进入医疗行业，有多少好处?,https://api.zhihu.com/answers/4253136885,绯村剑心,给出的治疗方案（药品或者其他治疗方法）仍然需要医生完成。 综上，人工智能并不能取代医生。其次任何新事物都有试错成本，这个成本谁来承担,,True,"否定,担忧,顾虑,不认可",negative
未来医生会不会被AI取代？,https://api.zhihu.com/answers/1888554267549364595,baigongzi,我觉得AI会是医疗好的辅助工具，可以替代网上咨询，全面替代医生还不是短期内的事情，至少无人驾驶实现，能洗衣做饭的机器人实现以后的事情了,,True,"认可,肯定,辅助价值认可,短期不替代",positive
医生究竟会不会被AI替代？,https://api.zhihu.com/answers/3405909369,洪健,请问这些人工智能不会吗？而且人工智能他回答的比医生更有耐心，准确率更高，完全可以取代这些传统医生。,,True,"认可,看好,耐心,高效,支持",positive
AI 医疗时代，基层医生如何应对智能诊断辅助系统的挑战？,https://api.zhihu.com/answers/1951232830211339488,该怎么说呢,ai这个只能作为辅助手段，医生这个职业还是需要专业锻炼的，靠大数据只能减轻医生的工作强度，而不是替代医生，这种自媒体都是唯恐天下不乱,,True,"客观,辅助手段,不替代,不认可自媒体",neutral
人工智能会不会代替医生？,https://api.zhihu.com/answers/2181416928,肖康平,机器人取代医生，那就医保，医院，患者都赢的局面呀，妙呀。 你说医生干嘛去了，以后那还有医生呀，都是机器人嘛,,True,"认可,担忧,看好,正面评价",positive
当人工智能主导医疗，人类医生何去何从？,https://api.zhihu.com/answers/1888909960269780126,chijiange,一部分医生会失业，但首先要解决医疗的法律责任问题，在没有解决法律问题前人工智能还不能取代医生只是医生的辅助工具,,True,"担忧,需解决,不能取代,辅助工具",neutral
如何看待医学智能对临床医生就业的影响？,https://api.zhihu.com/answers/495130798,刘老师菜的一批,说白了，就是医学智能呗，机器来看病，调取病人样本库，根据千万数据和医学原理进行AI智能分析（可比某些老花眼天天领导饭局的xx主任医师强多了吧hhhhh）,,True,"认可,强,优势,看好",positive
人工智能可以替代医生吗？,https://api.zhihu.com/answers/300064163,MALUKO,未来说不准，但是当人工智能都能替代医生了，其他行业大部分都会被其替代，而且会先于医生，医生可是人类十几年大学以上学习培养出来的,,True,"不确定,观望",neutral
人工智能应不应该在医疗领域全面替代医生的诊断工作？,https://api.zhihu.com/answers/94609026754,Liston,每个环节都要用机器测，都要看数据，然后把各种数据综合起来，根据医生的经验做推测。这些工作，不是AI更拿手吗？先测，再跟大数据一对照,,True,"认可,擅长,优势",positive
人工智能可以替代医生吗？,https://api.zhihu.com/answers/301407117,Bryce,这个问题提的让我很悲观啊，人工智能替代医生的那天，我们人类也就是人工智能了吧，到时候让其它人工智能帮我们上上润滑油,,True,"悲观,担忧",negative
在当下医疗环境下，成为一名执业医师意味着什么？,https://api.zhihu.com/answers/1963555178713159323,Nothing,会和同事们一起失业， 被人工智能所取代。 意味着：肉身的医务人员辛辛苦苦的求学数年，抵不过人工智能机器人瞬间的知识拷贝,,True,"担忧,失业担忧,不公平,辛苦否定",negative
就读智能医学工程专业有怎样的一番体验？,https://api.zhihu.com/answers/1539377293,adrian,基本上都是医生半路自学编程。比如说研发一个手术机器人，医生很难跟工程师程序员解释医学常识，同样医生也不会理解专业术语,,True,"客观,中立",neutral
如果未来能依靠 AI 医生看病，大家会更信任 AI 还是真人医生？,https://api.zhihu.com/answers/1956730870992991183,周芸名,那不可能超过人类的智慧，何况现在总能发现人工智能乱说话。机器的冰冷还是让我觉得医生靠谱。虽然说医生也有可能弄错，那也是小概率的问题,,True,"不信任,担忧,靠谱,冰冷,认可",negative
医生会被AI取代吗？,https://api.zhihu.com/answers/62801909012,门迭塔,李开复的《人工智能》里说过，美国做实验用人工智能给患者做诊断，诊断的正确率是百分之八十多，远高于人类医生,,True,客观,neutral
真正的智能医疗有多远？适合开设大学专业吗？,https://api.zhihu.com/answers/1918706344694906984,知乎用户6i4vqo,专家们头脑里的新技术，没有发表，是智能系统中没有的。使用智能医疗并不难，但起马要具备主治医生的水平，外行是不能使用的,,True,"不难,需专业水平,外行不能用,客观陈述",neutral
为什么医生在未来很长时间内都不会被人工智能所取代？,https://api.zhihu.com/answers/1084426721,一然,我如果被确诊新冠肺炎，上吐下泻，高热不退，呼吸急促。人工智能可以做出明确的判断，但是没有特效药，只能建议我服用看上去有效的药物,,True,"客观,明确判断",neutral
人工智能会让医生失业吗？,https://api.zhihu.com/answers/3366678901,简枫,不会。 人工智能会降低医生这个行业的职业门槛，但不会让医生失业。 医生其实很多时候不止是看病救人，还得给病人提供某种程度的情绪价值,,True,"客观,肯定,认知,明确",neutral
DeepSeek 会让医生失业吗？,https://api.zhihu.com/answers/94726741709,诡医战魂,让中医顶尖群体无法失业。 医生群体是百分百冲击最大的。 你说的这，我查了下，应该说的是人工智能诊断治疗。 人工智能的首要前提,,True,"客观判断,冲击认知,事实陈述,客观表述",neutral
就读智能医学工程专业有怎样的一番体验？,https://api.zhihu.com/answers/2546922307,雀食你是对的,这个专业本科毕业没法找到对口就业岗位，想要从事相关研发至少要硕士毕业，而现状是开设了智能医学工程硕士点的学校屈指可数，进入这个专业就要面对狼多肉少的局面,,True,"客观,谨慎,观望",neutral
人工智能如何辅助医生诊疗患者，都有哪些实际应用？,https://api.zhihu.com/answers/2821980009,陆玖传媒,直接影响随访的效果。 左手医生智能随访管理基于知识图谱、深度学习、智能交互等自然语言处理技术构建的人工智能随访助手，帮助医生更加智能和高效地对符合精准条件的患者进行批量自动化随访,,True,"智能,高效,自动化,精准",neutral
AI医生到底能不能替代真人医生?,https://api.zhihu.com/answers/1973509199276302815,想得太多,欢迎讨论 中医讲究望闻问切，ai医生如果需要准确的结果的话就像新手医生一样为了不犯错，做各种抽血体检，拍片,,True,"谨慎,客观,需准确,避免误诊",neutral
DeepSeek 会让医生失业吗？,https://api.zhihu.com/answers/130490175096,带预言家含辛,其实我一直觉得，一个带视觉传感器的智能音箱类产品作为家庭医生应该是很有市场的，平时有个头疼脑热的直接问音箱,,True,"认可,看好,期待,方便",positive
AI 医疗前景广阔，但真能不信医生信 AI？，你有何看法？,https://api.zhihu.com/answers/1956019116180759208,北京香山智库,AI医生，公益使用，免费使用阶段 ，希望为大家带来帮助 我们科研团队在和医院合作做ResearchFish医学助手大模型（查查鱼）,,True,"希望,公益,期待",positive
为什么很多律师不承认法律是受人工智能影响最大的行业之一？,https://api.zhihu.com/answers/3548545869,诗与星空,尤其能帮助到经验相对欠缺的低年资医生。” 2015年，浙大二院率先引进AI智能读片系统，之前一个医生平均每天看53个患者的胸部CT片子,,True,"帮助,辅助,有益",positive
城乡医疗差距缩小中：智能中医为基层带来实实在在的变化,https://api.zhihu.com/articles/1978125353420607850,智医观察局,越来越多基层医生表示： “不是我们能力突然变强了，是有了能帮我们的工具。” 智能中医不是替代医生，而是让每一位基层医生都有机会做得更准、更稳、更专业,,True,"认可,辅助,提升,更准,更稳,更专业,帮助",positive
医生这个职业未来有可能会被人工智能替代吗？,https://api.zhihu.com/answers/714310305,Techsoho,“人们倾向于认为人工智能将不会威胁主治医生角色的传统工作，”她说，“医生们似乎认为，如果人工智能能够维护或增强而不是削弱他们所做的工作,,True,"认可,无威胁,支持,增强",positive
未来医生会不会被AI取代？,https://api.zhihu.com/answers/1888642201124337150,Pony,短期几年内肯定是不会的，AI还是有很多的局限性，不过AI可以辅助医生是明确的。 就像AI擅长的编程领域，短期都取代不了程序员,,True,"客观,认可辅助,不取代,承认局限,明确",neutral
现在从事哪些行业，二十年后才不会被人工智能取代？,https://api.zhihu.com/answers/3470982624,简枫,我更想要的是专业的、真实的医生给的诊断方案。说白了，还是对这个 AI 诊断不信任。 不过，AI 在智能医疗领域的辅助作用还是不容忽视的,,True,"不信任,认可,不容忽视,专业期望",neutral
人工智能是否会取代医生？,https://api.zhihu.com/answers/498769180,知乎用户zKk5cV,临床诊断和病理医生的工作是典型的模式识别，所以最容易被取代，实际上某种程度也正在被替代；手术医生复杂一些，但是随着AI机器人系统的进步,,True,"客观,谨慎,初步判断,观望",neutral
将来医院哪个科室医生最容易/不容易被人工智能取代？,https://api.zhihu.com/answers/2502962849,王圆脸,我曾经问我师哥：心电图就那么几个导联，ai取代心电图医师岂不是轻轻松松？ 我师哥淡淡说道：心电图那低到发指的利润空间还是雇真人更合适,,True,"轻松,合适,认为",neutral
现在的医生没有仪器还会看病吗？,https://api.zhihu.com/answers/2845955422,孙悦礼,如果认为医生依靠仪器才能诊断和治疗，没有仪器医生就无法诊断无法治疗的话，那么医生这个职业就可以被人工智能和机器人取代了。 不得不承认,,True,"承认,客观判断,观点表达",neutral
天津大学智能医学工程如何？,https://api.zhihu.com/answers/1444505769,呼延,医学部主打的招牌。来智能医学工程专业，“医”起拥抱未来！ 前景挺好的，考研主要就是往生物医学工程和智能医学工程等方向考,,True,"看好,期待,认可",positive
智能医疗的优势体现在哪里？,https://api.zhihu.com/answers/2838079113,快联AI购,可以帮助医生进行病灶区域定位，减少漏诊误诊问题。 2、缓解医生资源 智能医疗解决未来医护人员稀缺的问题,,True,"认可,支持,减少误诊,缓解资源,期待",positive
医共体基层 AI 智能体：让基层医生有了 “超级大脑”,https://api.zhihu.com/articles/1980304161183643441,basu,让全县的医疗数据共同训练模型，越用越智能。 诊疗过程中，AI 智能体的 “实时辅助” 技术最实用。医生问诊时，语音转文字技术能自动记录病历,,True,"实用,智能,方便,认可",positive
人工智能可以替代医生吗？,https://api.zhihu.com/answers/302343982,Phoenix,现状：不能取代医生，可以辅助医生。 未来：说不准，人工智能想要完全替代医生，必须达到精准医疗，则必然经历一个从外到内的探索过程,,True,"客观,不确定,观望,可辅助",neutral
多家医院引入智能辅助系统，临床准确率与效率同步提升,https://api.zhihu.com/articles/1976721812256728956,前沿科健情报站,多家医院陆续引入包括 智能诊前评估、结构化问诊、智能影像辅助、AI中医舌象分析 在内的一系列智能工具，使临床诊断的准确率与效率实现同步提升,,True,"客观,事实,提升",neutral
人工智能机器人是否完全能代替医生做手术？,https://api.zhihu.com/answers/173797501,易锐,我觉得人工智能代替医生做手术，很长一段时间内都不可实现，要实现他不是不可能，而是那不仅仅是人工智能领域的进步,,True,"客观判断,短期不可实现,多领域进步",neutral
医生会被人工智能取代吗？,https://api.zhihu.com/answers/739358303,相当皮,所以，人工智能就不能完全替代医生。 当然我是愿意早点普及人工智能，最好能取代医生，愿医生早日脱离苦海,,True,"客观,期待,愿意,愿望",positive
医学影像结合人工智能对临床的意义有多大?,https://api.zhihu.com/answers/2690577625,北欧跑跑哥,所以可解释性提高透明也许可行，但是让医生和病人产生对算法的信任就是胡说八道呢。 3 AI诊断智能作为辅助，不能替代医生实现自动化,,True,"不信任,否定,可行,辅助,不能替代,胡说八道",negative
未来智能医疗行业的前景如何？,https://api.zhihu.com/answers/536057104,中商产业研究院,第一，用人工智能的“医生”补充人类医护人员，以解决未来医护人员稀缺的问题；第二，用人工智能提高药物挖掘的效率,,True,"认可,期待,高效,积极",positive
"人工智能医院预计年底前上线, Ai医生是否值得信任，又会对哪些方面影响?",https://api.zhihu.com/answers/61970845623,医联健康,而不太明确的或者需要做检查的，是需要医生判断的，所以未来医生有线上真人医生问诊。 这点在现阶段是这样的，未来会不会有大的突破,,True,"客观,观望,现状陈述",neutral
未来的医疗，是Ai医生，还是医生的Ai?,https://api.zhihu.com/answers/3401467055,西山峰峦,应该还是需要医生+一个AI助手，这时，AI助手通过大数据、人工智能分析等能力，辅助真人医生。 那么具体场景可能是这样,,True,"客观,认可,需求,辅助",neutral
人工智能在医疗方面的优势有哪些？,https://api.zhihu.com/answers/2843851441,虚拟人生,这是全球最热门的领域，大家都看过医生，或许多少知道一些医生如何看病！，从图像设别，辅助诊断（说实话比人工诊断准确率高）,,True,"认可,看好,肯定",positive
探讨AI在医疗领域的作用，人工智能与医生：合作还是替代？,https://api.zhihu.com/answers/1975230007858181897,芳华智慧医疗,我的答案很明确：不会。但它会彻底重塑“医生”这个角色的定义，让好医生变得更强。 1. AI是“超级助理”,,True,"认可,强化,积极影响,超级助理",positive
DeepSeek拿下1569万医院大单，医生要被AI替代了？,https://api.zhihu.com/articles/1921912794099483488,多恩AI,再聪明，也不能替代医生和患者之间的情感交流。 不过确实会改变医生的工作方式。 以后的医生，不会用 AI 的可能真的会被淘汰,,True,"客观,认可,担忧,观望",neutral
人工智能进入医疗行业，有多少好处?,https://api.zhihu.com/answers/3371636856,楚欣怡,还可以通过计算机模拟预测药物活性、安全性和副作用 智能诊疗让计算机学习专业的医疗知识，模拟医生的思维，从而给出诊断和治疗方案。帮助医生快速阅读病历、影像等资料进行诊断更精准的提供治疗建议,,True,客观,neutral
未来医生真的会被AI取代吗？那还有没有学医的必要？,https://api.zhihu.com/answers/597523247,中庸,所以答案是完全不可能。 当然，用人工智能辅助医生看病绝对是一个降低误诊率的好办法，但前提是医生足够负责，只是用数据来辅助自己的判断而不是全都扔给AI去处理,,True,"否定,认可,谨慎",neutral
医生和程序员谁会先被人工智能取代？,https://api.zhihu.com/answers/2372365458,AIOC认证,人工智能不会替代医生，但懂人工智能的医生可能会替代不懂人工智能的医生。未来人工智能的应用将贯穿于整个临床工作流,,True,"客观,趋势判断,理性看待",neutral
医生和程序员谁会先被人工智能取代？,https://api.zhihu.com/answers/2378871813,正经程序员,然后根据病症给出相应的结果。 这活太适合人工智能干了，还不怕医闹。 只要数据量大，终有一天会人工智能取代。,,True,"适合,认可,期待,无医闹担忧",positive
将来医院哪个科室医生最容易/不容易被人工智能取代？,https://api.zhihu.com/answers/538969532,Bilitis,放射科，病理科等等，基层医生可能不需要那么多，专家会比较缺。现在像CT智能读片，病理切片分析都有在做,,True,"客观,事实陈述",neutral
2025，AI医疗：从科幻到现实的“超能力医生”来了！,https://api.zhihu.com/articles/24325141289,人会做梦,DeepSeek大模型赋能基因测序，成本降低70% 2. 技术落地：AI医生的“超能力”实录 ① 影像诊断：火眼金睛，秒杀人类,,True,"认可,高效,优势突出,看好",positive
能不能用人工智能代替医生诊疗？,https://api.zhihu.com/answers/1853697474,飞云希望,可是这是普通人能享受到的吗？ 我倒是希望搞成人工智能医生根据患者描述开检查单，人工智能辅助读片，根据检查结果自动调取标准指南的方案、近期相似病例及处置方法和疗效,,True,"希望,疑问",positive
人工智能能否最终取代超声医师，目前在超声图像获取、质控与解读的研究又达到了什么程度？,https://api.zhihu.com/answers/2931909740,AI实践者,虽然目前还没有完全取代超声医师的可能，但是人工智能技术在这方面的应用已经为医生们提供了更好的支持和资源。 二、人工智能在超声图像质控方面的应用,,True,"认可,支持,更好支持,资源改善",positive
智能医疗的主要应用场景,https://api.zhihu.com/articles/433812369,阿玲,智能医疗在全面推动医疗健康产业，疫情期间，智能医疗在人工智能领域被大程度上催生，加快了人工智能技术的进程，智能影像识别将病灶识别速度降至2～3秒,,True,"推动发展,加快进程,提升效率,缩短识别时间",positive
人工智能时代正畸还值得学吗？,https://api.zhihu.com/answers/3089901599,Edwin,前两年自己也参与了一些矫治器人工智能方面的保密测试，本质上就是在取代医生上游环节的低级劳动力。 正畸医生会不会被人工智能取代，其实间接来说是会的,,True,"客观判断,间接取代,取代预期",neutral
智能手表的健康监测功能，真的能帮我更好地管理身体吗？,https://api.zhihu.com/answers/1980577669474168833,蒋虏光,智能手表只会一直提醒你你可能有病，久而久之，没病也会有病。,,True,"担忧,过度提醒,心理影响",negative
如果有智能家庭医生，你会用吗？,https://api.zhihu.com/answers/743601193,微尘,是一个很好的方向，有不少公司在做了，产品深度还比较浅，智能化程度有待深入。 有的连上了互联网医院，基本可以满足常见病慢性病的诊疗需求,,True,"认可,客观,需提升,可接受",neutral
哪个医疗AI最好用,https://api.zhihu.com/articles/1916553935965094805,医联健康,AI 模型。提供智能分导诊、预问诊等功能，通过多轮友好的智能问诊了解患者病情，精准匹配医生与患者，提升就诊效率,,True,"友好,效率,精准,认可",positive
用人工智能逐渐代替门诊医生是否有可行性？,https://api.zhihu.com/answers/29919944,王宇,美国ibm已经用沃森给癌症患者设计治疗方案。在未来人工智能肯定可以代替大量医生的工作。当然那一天可以用上就说不准了。,,True,"认可,看好,不确定,期待",positive
AI能否代替医生？,https://api.zhihu.com/answers/117610290130,VPS很好,融入AI处理结果将会直接的帮助医生得到诊断结果，疾病上的用药上的参考，更复杂的疾病操作，还要实际医生处理并为患者带来,,True,"帮助,辅助,有益,实用,支持,肯定",positive
大家对于智能医疗有些什么认识？又怎么看待智能医疗未来的发展趋势？,https://api.zhihu.com/answers/503187693,dl yin,现在很多患者并不知道这件事，所以经常喷医院乱收费滥检查、医生唯利是图或者草菅人命。人工智能算法现在再先进也超不过人类这是大瓶颈,,True,"客观,瓶颈认知",neutral
如果有智能家庭医生，你会用吗？,https://api.zhihu.com/answers/743595420,一个普通的人,如果误诊了 谁负责？机器的厂家负责还是医生医院复诊？,,True,"担忧,误诊顾虑,责任疑问",negative
AI 辅助诊断普及后，医生角色会如何转变？,https://api.zhihu.com/answers/1977692103904620631,知乎用户K哥,世界上绝大多数的医生实际上没有AI出色。但是，AI不了解人类社会的价值和规则，医学不仅仅是自然科学，还有社会属性,,True,"认可,客观,谨慎",neutral
人工智能会让医生失业吗?,https://api.zhihu.com/answers/2716591337,知乎用户CVsDAc,人工智能不会完全取代人类医生，但肯定会提高医生的表现，同时以更低的成本为患者提供更多的医疗服务。,,True,"肯定,认可,支持,积极,效率提升",positive
随着 AI 诊断普及，未来医生是否会被诊断器械替代？,https://api.zhihu.com/answers/1971515396445148329,简e,会的，随着 AI 诊断普及，未来医生会被诊断器械替代。患者到医院看病好比检车流水线，从进医院大门到最后处方拿药,,True,"担忧,流水线化,替代顾虑",negative
医院临床各个科室最容易先被人工智能冲击的是哪些个？,https://api.zhihu.com/answers/843002440,曼迪迪没有腰,这部电影中的情节很有可能变成现实。2018年的世界人工智能大会出现的智能机器人，已经可以初步做到提醒老人吃药、关门窗、关煤气等,,True,"客观判断,可能性认知,初步进展",neutral
本人是临床医学专业本科生，而我对人工智能比较感兴趣，想问一临床医学可以和人工智能进行学科交叉吗？,https://api.zhihu.com/answers/611697452,槲寄生,智能医学专业，国内新开设的专业，由天津大学和天津医科大学联合开设，感觉最为符合题主的需求，目前招收本科生,,True,符合需求,neutral
当一个医生失去了所有现代器具只保留基础工具还能做什么?,https://api.zhihu.com/answers/1945110667699922902,超哥说医,全离了现代器具，其他行业是质变，医学只能算量变，计算机，人工智能直接废了，土木回归人力牛拉肩挑，而医学，塞麦尔维斯光发现一个术前要洗手(甚至只是简单洗手,,True,"否定,质疑",negative
有没有天大或者南开的同学 学 智能医学工程专业的，讲讲感受呗，这个专业咋样啊？,https://api.zhihu.com/answers/728955423,刘白,智能医学工程，一听就是为了结合当前热点开设的新专业，这种新专业课程设置不完备，同时应该也还没被就业市场接纳,,True,"担忧,不信任,风险,不完备,未接纳",negative
让DeepSeek看病，给出的诊断和医学博士一样？,https://api.zhihu.com/articles/23485789171,ABC诊所管家,这个病例我们让成都中医药大学医学博士、ABC医学顾问胡老师进行了诊断，得到的结果和处方如下： DeepSeek 的诊断也提到了脾虚痰阻、心神失养，诊断结果几乎一模一样,,True,"客观,一致,诊断匹配",neutral
人工智能达到了什么程度？,https://api.zhihu.com/answers/410174821,葉一,在皮肤科领域诊断的准确性，AI已经超过最有经验的医生了 相关研究发表在2017年2月的Nature上,,True,"认可,肯定,准确性优势,看好",positive
你有通过 AI 诊断过疾病的经历吗？,https://api.zhihu.com/answers/1903461124990567555,test,没有，AI诊断只能是辅助，有症状还是需要医生看，最好去医院，哪怕是去小诊所看。 AI诊断最大的问题是过于依赖,,True,"辅助定位,依赖担忧",negative
AI诊断到底有多准？临床专家给出最新权威观点,https://api.zhihu.com/articles/1978125330255476281,高科前哨快讯,“AI诊断到底有多准？” 这是很多人面对 AI 医疗时最真实的疑问。 最近，多位临床专家在业内论坛上给出了相对一致的最新观点,,True,"疑问,真实疑问,一致观点",neutral
面对 AI 给出的医疗诊断或治疗方案，公众的信任度究竟几何？,https://api.zhihu.com/answers/1979135476859413515,红色摇滚乐,作为玩惯了AI的人，肯定推荐AI的医疗诊断啊。 AI已经把全部医学出版物都训练了一遍，只要把医疗诊断和实际病情发展再训练进去,,True,"推荐,认可,看好",positive
AI医疗诊断准确率已超90%，为何三甲医院仍要求医生手动复核？,https://api.zhihu.com/answers/1977788054338020249,医策科技,AI医疗诊断准确率超90%仍要求医生手动复核，核心原因在于临床应用的复杂性和医疗行为本身对安全性的极致追求,,True,"客观,谨慎,安全性重视",neutral
医生治疗方案被质疑，发现患者用 DeepSeek 给出的诊断结果才是对的，AI 未来会取代医生问诊吗？,https://api.zhihu.com/answers/109171957950,极萨学院冷哲,是可以比较好的运用大模型来进行很多病情的探讨和诊断，但如果你没有，你不能分辨大模型的幻觉，那就会遇到很多风险。 另外就是我们常说的AI不能背锅,,True,"认可,风险,担忧,客观",neutral
筛选诊断AI，不要只看准确率,https://api.zhihu.com/articles/1981319002795037037,小桔灯网,另一方面是基于大语言模型的“生成式AI”的爆发性增长，在临床诊断中的直接应用面临监管更严峻的审慎。 表2：AI诊断产品对比（作者制图,,True,"审慎,谨慎,监管关注,客观",neutral
「AI技术已能辅助医生诊断，未来十年内『人机协同』会彻底颠覆医疗行业吗？」?,https://api.zhihu.com/answers/1937530112691144324,健康算法工程师,并为患者提供针对性的治疗建议 。 二、AI 辅助诊断的显著优势 （一）提高诊断准确性 AI 辅助诊断在提升诊断准确性方面有着卓越的表现,,True,"认可,肯定,卓越,优势,显著",positive
你有通过 AI 诊断过疾病的经历吗？,https://api.zhihu.com/answers/1902705094245478481,留一生,很多病人自己都说不清楚情况，还指望AI帮你下诊断？ 3. AI有时候“太能说”，把病人带到阴沟里。普通人用AI，就当科普健康知识,,True,"质疑,批评,不信任,谨慎,观望",negative
AI 辅助诊断系统引入医院后，医生的工作效率是提高了还是更复杂了？,https://api.zhihu.com/answers/1976592786988999825,山西力汇智联,比如说朔州市大医院的智能导诊机器人，手术机器人，AI辅助诊断等等。 作为相关人员，我必须说现阶段AI还没有到完全正确的地步，需要不停的迭代和更新数据库,,True,"客观,需迭代,未完全正确",neutral
Nature Cancer IF=28.5 | 突破性AI模型实现前列腺癌无创精准诊断与分级,https://api.zhihu.com/articles/1979238177827992620,HOPE,缺乏术前无创精准分级工具，导致过度诊断或治疗不足。 因此，开发一种无创、高精度、可解释的AI诊断系统，具有重要的临床转化价值,,True,"认可,重要价值,有意义",positive
用AI看病，可靠吗?还用做辅助检查吗？,https://api.zhihu.com/answers/116531855182,bianyuce,有病就去医院，不要问ai。当医生使用ai进行检查的时候，就说明某项技术已经非常成熟了，例如用ai在你拍的片子上画出病灶,,True,"否定,认可,谨慎,客观,成熟",neutral
AI 在辅助诊断方面，离全面普及还有多远？,https://api.zhihu.com/answers/1973840598118204679,隔壁老徐,先进算法能实时处理海量影像数据，支持远程诊断。 2025年医疗设备突破中，AI驱动的诊断成像系统（如用于癌症筛查的智能CT）已成为主流,,True,客观,neutral
在AI辅助医疗诊断中，如何明确AI与医生的责任边界以避免类似误诊事件的发生？,https://api.zhihu.com/answers/1894698062615664432,数据与<em>AI</em>爱好者,现有AI医疗设备没有诊断权，诊断和治疗决策由执业医师负责 我们看看主要国家和地区针对AI诊断权的规定,,True,客观,neutral
你有通过 AI 诊断过疾病的经历吗？,https://api.zhihu.com/answers/1903596426753213894,Trwitw,而不是最正确的答案给到了。 所以我是不会通过AI来确诊病的。,,True,"不信任,否定,拒绝",negative
AI 在医学影像诊断中，未来会替代医生吗？,https://api.zhihu.com/answers/1981687958219268473,潘业,目前很多国内医院都已经让AI做初步的影像学诊断和筛选了，最后人工再做复核，,,True,客观,neutral
如何看待中国科学院院士张旭称「 AI 疾病诊断总有一天会精准」？,https://api.zhihu.com/answers/52242297724,低熵池,大部分疾病也不过是根据病症和医学检测报告来判断关联性的结果。 ai早就可以做法律判决了，我觉得疾病诊断并不比法律复杂。 只需要投喂大量的疾病相关数据,,True,"认可,看好,客观,可实现",positive
AI医疗诊断准确率超95%，但患者更信任人类医生，如何看待技术与人性在医疗领域的博弈？,https://api.zhihu.com/answers/1914637619507233210,幽幽z,医生将病人的症状，体征全部提取出来，输入给ai，ai得出诊断。ai自行采集信息得出诊断，这两种情况难度根本不是一个级别的,,True,,neutral
AI医疗诊断准确率已超90%，为何三甲医院仍要求医生手动复核？,https://api.zhihu.com/answers/123769832583,魔都医疗受害者,“AI医疗诊断准确率已超90%”都证据在哪里？？第一句就是假话，后面就都是带节奏 我使用deepseek查个法条,,True,"否定,质疑,不信任",negative
目前 AI 在疾病的诊断和治疗上，有哪些成功的应用？,https://api.zhihu.com/answers/3535695376,黑白客,这种早期诊断有助于及时采取治疗措施，保护患者的视力。 心脏病诊断：通过分析心电图数据，AI可以识别出异常心律等心脏病征兆,,True,"客观,有效,可靠,有益",neutral
医生治疗方案被质疑，发现患者用 DeepSeek 给出的诊断结果才是对的，AI 未来会取代医生问诊吗？,https://api.zhihu.com/answers/1949988185041015046,药研观,会部分取代。 AI是基于已有的范式学习，即只有过往发生过，才能做出类似分析，AI诊断的效果，取决于大数据学习的真实性与丰富度,,True,"客观,谨慎",neutral
有什么对于Ai来说很难诊断的病症吗？,https://api.zhihu.com/answers/1978391636498202689,陈震原,如果人类被孪生再数字世界，人类的任何疾病都有解药，目前AI存在的缺陷是获取数据的局限性——具身，获取数据的全面性——传感，获取数据的完整性——治理，这些还远远不足，但是很快，都会完善，AI就是在技术、业务融合的背景下，快速成为全能医生,,True,"期待,看好,不足,完善,认可",positive
AI 诊断准确率 96%，剩下的 4% 误诊谁来负责？,https://api.zhihu.com/articles/114593952,吴烜xuan三声,因为他们不可能冒着这个风险而跳过自己分析诊断的这一原本就要做的环节，而这个 AI 诊断只是徒增噪音和干扰而已。 那么，就是该 AI 诊断系统的开发商来负？该不能用一句”AI,,True,"风险,干扰,质疑,责任",negative
AI 在辅助疾病诊断时，具体能达到怎样的准确率和效率？,https://api.zhihu.com/answers/1955270993615499993,东莞大忠,MRI报告实现“拍片后5分钟自动生成结构化诊断建议”。 罕见病和复杂病例诊断：微软的MAI - DxO系统诊断速度提升400%,,True,"高效,便捷,清晰,客观",neutral
如何看待 AI 真的帮人类做好决策？,https://api.zhihu.com/answers/1979314589243024868,兰吉,AI在现代医院的应用广泛，帮助诊断，治疗，对疑难病的鉴别，诊断都有很大帮助，AI在影像诊断中实现了“效率与精度双提升”。通过深度学习算发，AI可快速处理CT、MRI、X光等影像，自动识别病灶并标注关键信息，肺部CT结节识别：AI系统能在30秒内完成一次胸部CT分析,,True,"认可,效率,精度,快速,帮助",positive
我家人被诊断为罕见病，AI 技术能带来新的诊疗希望吗？,https://api.zhihu.com/answers/1974876442421663230,思考人生的香香猪,可以去参加临床试验的，三甲医院都有。 第四，AI诊断不如去好的医院看一个专家号，AI诊断就跟你百度症状一样，越看越糟心,,True,"否定,糟心,不信任,不如",negative
目前 AI 在疾病的诊断和治疗上，有哪些成功的应用？,https://api.zhihu.com/answers/1954830950144905262,亿康医学,辅助决策。 AI在诊断中的革命性应用 诊断是临床遗传学的核心，AI已深度介入。文章强调，AI能分析多种数据类型,,True,革命性,positive
AI在医疗影像诊断中已展现出较高准确率，但当AI诊断结果与资深医生诊断意见相悖时，应如何决策？,https://api.zhihu.com/answers/1900460698288502378,看不出,"医疗影像诊断ai是可以辅助诊断，当放射科医师怀疑有问题的时候,还有上级医师进一步审核，如果两人都有怀疑的时候还可以全科讨论",,True,"客观,辅助,审核,全科讨论",neutral
你有通过 AI 诊断过疾病的经历吗？,https://api.zhihu.com/answers/1909946473392628567,iceflame,诊过，太过弱者，无法确诊，列了一堆可能的病，严重怀疑国内的AI是搜索引擎的升级版而非真AI,,True,"怀疑,无法确诊,不信任,否定",negative
AI 诊断肾脏病，比肌酐还准！,https://api.zhihu.com/articles/22565508073,肾科石先生,无疑是把AI发展到了新的高度。 AI看病，能干啥？ 话说AI在医学领域的应用，目前主要在于诊断，判断一个人被诊断为某种疾病「是不是」,,True,"认可,新高度,客观",positive
AI 医疗诊断出现误判，责任应该由谁来承担？,https://api.zhihu.com/answers/1973681057200104937,ovmo,责任人肯定是经营者，这经营者包括医院这种医疗机构，以及AI开发者。 当然AI开发者能证明自己的产品并没有过错和缺陷，属于医院操作人员或病患过错使用可以不承担责任,,True,"肯定,客观判断",neutral
随着 AI 诊断普及，未来医生是否会被诊断器械替代？,https://api.zhihu.com/answers/1971557340546327810,godsevil,CT再怎么分析也就是结节影子，没有细胞和基因突变的信息，没有病理结果不能确诊。 AI能起到辅助和方便的作用。其实大数据分析、医疗智能软件等应用的很早也不断更新,,True,"辅助,方便,客观,可辅助",neutral
谷歌发布全新诊断对话式AI在测试中击败医生，通过了图灵测试，如何看待此研究？AI医疗未来会如何发展？,https://api.zhihu.com/answers/3363080914,木槿,很久之前我曾经预想过人AI诊断治疗用于临床，大量的需要书写记录的文字工作就可以交给AI。可今天看来，AI也可以辅助诊断,,True,"期待,认可",positive
谷歌发布全新诊断对话式AI在测试中击败医生，通过了图灵测试，如何看待此研究？AI医疗未来会如何发展？,https://api.zhihu.com/answers/3363074693,阿源老师,工业革命在网上都爆发好几次了。 AI医疗我看好的还是帮助写病历和做AI仪器这些，然后卖这些解决方案（设备）,,True,看好,positive
AI 为什么会伪造根本不存在的参考文献？,https://api.zhihu.com/answers/1906001000969503715,Zpuzzle,但很可惜，最后AI给出的答案是错的。 其实对于AI来说，这绝非难事——因为在联网回答的情况下，AI只需要随便到哪个搜索引擎一搜谱,,True,"可惜,否定,错误回答",negative
为什么使用AI诊断癌症如此困难？,https://api.zhihu.com/articles/19860455553,DeepTech深科技,指出，“即使 AI 模型未达到理想的准确性，在短期内仍可能带来帮助，比如协助病理学家加速诊断过程。” 那么挑战主要有哪些呢,,True,"客观,谨慎,可尝试",neutral
谷歌发布全新诊断对话式AI在测试中击败医生，通过了图灵测试，如何看待此研究？AI医疗未来会如何发展？,https://api.zhihu.com/answers/3362814641,雨叔,当然，有很多人并不能接受AI来为他们诊断，医院仍然可以保留人工诊断，然后降低AI诊断的费用，让患者自行选择,,True,"不信任,客观建议,可选择",neutral
如果AI诊断比医生还准，你会选择先听谁的？,https://api.zhihu.com/answers/1968041737688690861,林间清晨自在风,看病，是为了什么，是为了治病，那既然AI比医生更好更准，那肯定选择AI。,,True,"认可,看好,支持,肯定",positive
中国 AI 领域，谁是你最看好的「潜力股」人才？,https://api.zhihu.com/answers/1975130172240963403,纸白,这个时候辅助上智能AI，可能结果更专业。 输入检查指标，症状表现，AI在海量数据网中查询匹配，给出的诊断结果更有依据,,True,"认可,专业,有依据,支持",positive
医生治疗方案被质疑，发现患者用 DeepSeek 给出的诊断结果才是对的，AI 未来会取代医生问诊吗？,https://api.zhihu.com/answers/112973281526,拉尼亚凯亚,这是肯定的，AI的准确率已经超过人类医生，有医生说AI诊断医生复查，搞笑，不复查还好点，复查了反而把准确率降低了,,True,"肯定,搞笑,认可,否定,质疑",positive
AI 在医学影像诊断中的应用，究竟是辅助医生还是可能取代医生？,https://api.zhihu.com/answers/1970902580973515770,雪夜梦殇,我认为AI在医学中只能起到辅助作用，因为人的疾病是在不断变异的，而AI被写出来的，是固化的。就算是现代医学中所有的病历都被写进AI的记忆里,,True,"客观,谨慎,不高估",neutral
随着 AI 诊断普及，未来医生是否会被诊断器械替代？,https://api.zhihu.com/answers/1971546768526251220,萌萌,太会了。 ai的属性决定了它可以成为一个全才，它的数据库里装得下成千上万个医生一辈子也学不完的知识。,,True,"认可,看好,能力强,知识丰富",positive
DeepSeek 会让医生失业吗？,https://api.zhihu.com/answers/97009639725,pf wang,最先被AI取代的应该是影像科医生，对于普通医生来讲暂时还是安全的，毕竟说破天了它也不能直接给病人开药,,True,"安全,客观",neutral
李彦宏称「中国基本不会再出Open AI」，如何看待这一言论？还有哪些信息值得关注？,https://api.zhihu.com/answers/2954104553,q9adg,这一点颇类似今天的app生态。 例如，专门处理癌症诊断ai，将仅仅接受医学图像的输入，给出诊断输出，按照请求内容估价和以其收入担保其输出的连带责任,,True,"客观,中立",neutral
健康AI从技术到爆款，最难跨越的鸿沟是什么？,https://api.zhihu.com/answers/1952703967852208380,懒言者,在目前的人工智能发展水平下，单纯依靠AI诊断疾病的方法，当然是不靠谱的，AI当然也不可能替代医生的临床地位,,True,"不靠谱,不认可,否定,质疑",negative
2025年，AI在医疗诊断中的最新应用案例和效果评估如何？,https://api.zhihu.com/answers/1893228177360389411,亚创科技,再到辅助医生诊断，AI病情诊断建议，到全程的AI门诊病历质控，AI住院质控，AI的医疗诊断已经在慢慢的,,True,"客观,逐步发展",neutral
像deepseek这种ai何时能应用于医疗领域？,https://api.zhihu.com/answers/98386772747,诗与星空,识别准确率大于人类医师。 前几年去省精卫看医生，已经用AI预诊（只不过感觉那个AI智商有限）。 DeepSeek发布之后,,True,"认可,有限,预诊尝试,客观",neutral
匿名说一个你行业的内幕，让大家知道一下好不？,https://api.zhihu.com/answers/1927128271398638342,小富即安可以理解,现在ai强大到你把身体不适的症状输入给它，它的判断比一般的医生都准，当然你要多用几个ai，豆包，Gemini,,True,"认可,准确,强大,肯定",positive
现代AI诊疗是否可以人工诊断？,https://api.zhihu.com/answers/1933612734559286350,Dreamtraveler,AI可以做一些基础重复的工作，复杂，疑难杂症，还是人工处理,,True,"客观,明确,分工清晰,基础能力认知",neutral
如果AI诊断比医生还准，你会选择先听谁的？,https://api.zhihu.com/answers/1966505995036517743,观众思考,诊断是为治疗服务，没有满意的治疗，诊断只是空中楼阁，目前AI的治疗比优秀医生差太多。,,True,"不满意,差距大,否定,差太多",negative
如何看待 AI 真的帮人类做好决策？,https://api.zhihu.com/answers/1981436526425573118,1375,对依靠经验判断的领域来说，使用AI辅助决策意义深远 比如临床诊断。AI辅助决策能够将患者的病史个例与后台的海量案例进行数据比对,,True,"认可,肯定,有意义,有价值",positive
如果你的诊断主要由 AI 给出，你会更信任医生还是 AI 的结论？,https://api.zhihu.com/answers/1970445526404149825,串子菌,医生诊断错了医生背锅，AI诊断错了谁来背锅？,,True,"担忧,责任顾虑,风险",negative
沉迷「AI 恋人」，美国 14 岁少年自杀，成全球首例 AI 致死案，有哪些警示作用？AI 应背锅吗？,https://api.zhihu.com/answers/14265981415,德里克文,他的家人和心理医生不能提供足够的帮助，他只能与AI对话寻求心理慰藉。 大多数人在心情好时并不想与AI交流，因为人们知道AI不需要人类提供什么,,True,"无奈,寻求慰藉,不想交流,不依赖",neutral
谷歌发布全新诊断对话式AI在测试中击败医生，通过了图灵测试，如何看待此研究？AI医疗未来会如何发展？,https://api.zhihu.com/answers/1959235538994337681,一只医学图像帕鲁,1️⃣ 纯文本诊断，AI完胜 在只给病例文字描述的情况下，o3模型生成的前十个鉴别诊断中，有84%都包含了最终的正确诊断,,True,"认可,准确,有效,高效",positive
AI医疗诊断普及后，误诊责任该由谁承担？,https://api.zhihu.com/answers/127595814668,鐂畱,准确率到了人类所不能企及的程度， 可以考虑ai诊断直接作爲权威诊断结果， ai医疗软件提供方直接对诊断结果负责。 但是这一结果,,True,"认可,肯定,建议,负责,权威",positive
现代AI诊疗是否可以人工诊断？,https://api.zhihu.com/answers/1933670033151758495,京墨,我认为目前还全面取代不了 首先ai需要输入问诊情况，这个情况就因人而异了，目前市面ai还比较死板，能因病而异,,True,"难取代,死板,因人而异",neutral
AI 辅助诊断普及后，影像科医生的核心价值和职责将如何演变？,https://api.zhihu.com/answers/1968666026465038729,<em>AI</em>木溪,医生决策。 目前AI主要是利用图像识别替代医生的眼睛，降低医生疲劳度，提高效率。但是诊断决策还是医生。,,True,"客观,明确,效率",neutral
AI医生在三甲医院辅助诊疗，病情评估更快更准，3-5分钟给出诊断报告，AI未来会取代人类医生吗？,https://api.zhihu.com/answers/100158696517,医联健康,不知道说的是不是医联的在2023年和华西医院主治医生的一个临床试验数据 AI诊疗一致性报道截图 迄今为止，AI在医疗领域的应用更多的是辅助工作,,True,"客观,辅助",neutral
医生治疗方案被质疑，发现患者用 DeepSeek 给出的诊断结果才是对的，AI 未来会取代医生问诊吗？,https://api.zhihu.com/answers/109425379728,BloodMoon,甚至不愿意简单做一下fact check，更别说医学这种门槛极高的行业，只信AI容易把自己治死。,,True,"担忧,风险,不信任,害怕",negative
AI 诊断能力大突破！比医生准 4 倍还省钱，微软新研究颠覆传统模式,https://api.zhihu.com/articles/1925556669586323102,残友<em>人工智能</em>,再开检查？最后才下诊断？ 这个“一步步找线索”的过程，才是真实的临床诊断逻辑。但过去评估AI的诊断能力时，却总像在“开卷考试”,,True,"客观,评估质疑,真实逻辑认知",neutral
AI看病靠谱吗？,https://api.zhihu.com/answers/115465859261,今日热点,但不能完全替代医生的专业诊断，以下是具体分析： AI看病的可靠性 1. 辅助诊断方面表现优异：AI在标准化诊疗场景中表现出色,,True,"表现优异,客观,认可",positive
AI 在医学影像诊断中的应用，究竟是辅助医生还是可能取代医生？,https://api.zhihu.com/answers/1970754879829045746,闫树芳,被设定、通过AI语言编程，作有限影像诊断计算分辨率，最终要依靠临床医生根据八方检查诊断的综合叛断为机（基）准,,True,"有限,依赖医生,客观,综合判断",neutral
AI医生在三甲医院辅助诊疗，病情评估更快更准，3-5分钟给出诊断报告，AI未来会取代人类医生吗？,https://api.zhihu.com/answers/105150685411,雍州精神科主任,然后等医生开了药在加进去。 就这种流程，我觉得ai觉得比人做的更好、效率更高，诊断结果表达更详细，最重要的是它还没有情绪呀,,True,"认可,效率高,详细,无情绪,更好",positive
现在AI真的可以仅凭描述就可以准确判定患者病情吗？,https://api.zhihu.com/answers/1977297223927735130,muxing,一个人站在AI面前，AI最多能采集病史，不开检查单，化验单，它能分析什么？你不可能让患者花一个小时填写调查问卷吧,,True,"质疑,不合理,担忧",negative
如果你的诊断主要由 AI 给出，你会更信任医生还是 AI 的结论？,https://api.zhihu.com/answers/1971561205312263506,江晓春,无论AI如何先进，无论其发展到什么水平，诊断结论的最后作出只能是临床医生。AI的分析只能作为参考。,,True,"参考,客观,谨慎",neutral
当AI诊断系统准确率突破90%，医生的「不可替代性」将如何重构医疗伦理与职业生态？,https://api.zhihu.com/answers/1896697924597036616,肖伯谦 健康之道,如果AI诊断的准确率真正突破百分之九十，那相对人的百分之七十的准确率高很多，如此，误诊的责任就是一个认知角度问题……,,True,"客观,分析,责任探讨",neutral
现代AI诊疗是否可以人工诊断？,https://api.zhihu.com/answers/1934281655830427395,西域猫,还早，正规的医院应该不敢让AI承担这个诊断的责任。,,True,"不信任,担忧,不敢承担,责任顾虑",negative
现代AI诊疗是否可以人工诊断？,https://api.zhihu.com/answers/1933458600552039652,suika,算了，至少几年内不可能，而且，ai不能背锅，医生能,,True,"不可能,客观",neutral
AI医疗诊断准确率已超90%，为何三甲医院仍要求医生手动复核？,https://api.zhihu.com/answers/124872856473,魏家村夫,患者知情权：患者有权知道诊断的每个环节，若完全依赖AI，患者可能对诊断过程产生疑虑，甚至质疑结果的公正性,,True,"疑虑,质疑,担忧,公正性质疑",negative
目前 AI 在疾病的诊断和治疗上，有哪些成功的应用？,https://api.zhihu.com/answers/87968862233,泰国康民,正在成为医生的得力助手，甚至可能彻底改变癌症诊断的方式。 AI在癌症检测中的主要优势 1. 提高诊断精确性：减少漏诊与误诊,,True,"得力,认可,优势,提高精确性,减少误诊",positive
AI 医疗诊断出现误判，责任应该由谁来承担？,https://api.zhihu.com/answers/1973708335304951484,王安宇,家属仅仅根据AI诊断系统的判断，并没有咨询医生？ 医院提供的AI诊断系统，是免费提供给家属的？ AI诊断系统的报告单上,,True,"疑问,担忧,谨慎",neutral
谷歌发布全新诊断对话式AI在测试中击败医生，通过了图灵测试，如何看待此研究？AI医疗未来会如何发展？,https://api.zhihu.com/answers/3363470267,梦云一直未曾改变,而且特定诊疗流程也会限制AI的应用价值。 比如之前某公司开发的智能诊断AI，可以根据病历进行智能诊断，准确率超过了90%,,True,限制应用价值,neutral
如何评价影视飓风最新视频《AI可以取代我，那我的意义是》？,https://api.zhihu.com/answers/1979164075066946368,歪比巴卜,前几天去参加一些会，现在ai已经可以在一定程度上代替我们给病理做诊断，最起码是给出一些还算靠谱的诊断建议，极大的缩小了考虑范围,,True,"认可,靠谱,高效,正面",positive
谷歌发布全新诊断对话式AI在测试中击败医生，通过了图灵测试，如何看待此研究？AI医疗未来会如何发展？,https://api.zhihu.com/answers/3363132358,yourin,我本人是非常看好AI 看病的 但不一定能上线，原因大概率不是AI比人差，反而会比人优秀很多，但会因为种种人为因素,,True,"看好,认可",positive
AI在医疗影像诊断中已展现出较高准确率，但当AI诊断结果与资深医生诊断意见相悖时，应如何决策？,https://api.zhihu.com/answers/1900271094314803632,卖萌神,这就是医学伦理学的一个先进问题了 我就问题，如果出医疗事故了，是医生负责还是AI算法公司负责？,,True,"担忧,质疑,风险,顾虑",negative
AI医生在三甲医院辅助诊疗，病情评估更快更准，3-5分钟给出诊断报告，AI未来会取代人类医生吗？,https://api.zhihu.com/answers/105091521488,Phaethon.wu,AI开出的药吃出问题？AI背锅吗？ AI不是取代人类的问题，而是出问题后你处罚AI？还是给人去提高效率吧,,True,"担心,担忧,疑问,效率",negative
AI医生在三甲医院辅助诊疗，病情评估更快更准，3-5分钟给出诊断报告，AI未来会取代人类医生吗？,https://api.zhihu.com/answers/103710675793,phymath,假设这个门诊一天问诊100个病人，也就是说有三个病人会被错误诊断 请问：这100个病人当中，那误诊的三个病人是谁,,True,"疑问,客观假设",neutral
AI 幻觉和人类错误的本质区别是什么？,https://api.zhihu.com/answers/1889989941867570407,刘政,有一说一，ai幻觉非常像外行领导 它用的词乍一听都是你们领域的 但是他说话像是一个伪人在随机堆砌辞藻,,True,"否定,不信任,批评,质疑,不专业",negative
AI诊断能否代替医生？,https://api.zhihu.com/answers/6752408011,<em>AI</em>助你写作,但最终的诊断和治疗决策还是要由医生来定。 AI在某些领域真的很有帮助。比如在皮肤病诊断上，AI可以通过分析皮肤病变的图片来识别疾病,,True,"有帮助,认可,客观,可辅助,肯定",positive
人工智能会不会代替医生？,https://api.zhihu.com/answers/2499741503,gszh,无人驾驶干亏上万亿。 居然还想要AI去诊断病症？别做梦了。 当然类似的AI辅助医疗技术和AI诊断努力是有的。现在的各种医疗设备,,True,"否定,不看好,客观,认可努力",negative
AI医疗诊断准确率超人类，如何平衡效率与医患信任？,https://api.zhihu.com/answers/1890009871715378918,亚创科技,责任划清很重要，医生如果采用AI决策，采用决策的同时也要承担责任。 关键在于建立技术赋能而非技术替代的认知范式,,True,"重要,关键,责任明确,技术赋能认知,非替代认知",neutral
当AI诊断系统准确率突破90%，医生的「不可替代性」将如何重构医疗伦理与职业生态？,https://api.zhihu.com/answers/1897446720918505382,把虎搭着牵着马,回答起来只能是自说自话。 我们从AI医疗化进程中可能引发的文明级危机来看，AI替代医生后会发生什么？ 其一,,True,"担忧,危机担忧",negative
随着 AI 技术发展，未来精神疾病的诊疗会发生哪些颠覆性变化？,https://api.zhihu.com/answers/1961111805498733222,阿啾,通常会带来一些比专家会诊还要快速有效，且便利的诊断结论。 AI同时会有幻觉的副作用，也就是为了迎合提问者的情绪或者其他原因,,True,"快速有效,便利,幻觉副作用,迎合情绪",neutral
AI医疗诊断准确率超人类，如何平衡效率与医患信任？,https://api.zhihu.com/answers/1888883680061141998,无所谓,现代医疗上有能治好的慢性病吗？ 治不好是因为没诊断出来吗 Ai诊断快，只是赚钱更快了而已,,True,"批评,不信任,质疑,否定",negative
当AI诊断系统准确率突破90%，医生的「不可替代性」将如何重构医疗伦理与职业生态？,https://api.zhihu.com/answers/1897336453018670870,NK地主家的傻儿子,住院医生光收集患者的主诉现病史既往史等就得有几年的功夫，你先让ai收集病人的主诉现病史再说诊断吧。,,True,"客观,谨慎,需完善基础",neutral
随着 AI 诊断普及，未来医生是否会被诊断器械替代？,https://api.zhihu.com/answers/1971477550896219406,班明峰,如同人类要死亡不能够举手表决不死亡，诊断器械，搭载了强大 AI 能力的设备，当然比大脑先进越来越精准、高效地完成诊断工作，所以医生在诊断环节的价值和作用应该会逐渐减弱,,True,"先进,精准,高效,客观,价值减弱",neutral
AI 都能写代码了，还要学计算机吗？,https://api.zhihu.com/answers/1966999427869840396,街道办王主任,如果没有计算机基础，怎么能知道ai说的是对的。 ai大模型简单理解就是个概率问题，至少目前ai的幻觉问题还是很严重的,,True,"担忧,怀疑,不信任,严重",negative
