keyword,url,user,comment_content,ai_analysis
智能问诊,https://www.zhihu.com/question/1884619338675386342,nan,我拐走了魔尊两岁的儿子。瓷娃娃在我怀里眨巴着眼睛，好乖好乖。回到宗门，我把他献给仙尊。「让他给您当小厮，您看怎样？」本以为仙尊会高兴。结果他面色惨白。系统提示：【宿主，仙尊对您的好感度下降 5。】我不李姐！让宿敌的儿子伺候他，他怎会不开心？！这时，一位师兄火急火燎跑进来,
【AI工具】AI问诊颠覆式升级，从此看病不求人,https://api.zhihu.com/articles/1952377311899923862,包包,可靠的解答必须建立在专业医疗背书的基础上——这也正是我们通常更信赖专家名医的原因。而传统AI问诊的一个常见痛点，就是用户常常难以清晰、准确地描述自己的复杂症状,
AI能否替代医生问诊？,https://api.zhihu.com/answers/1977675181653783662,优选评测院,“N”则代表衍生出的多种垂直服务 。 这些智能体包括AI精准找医生、AI医学解读、AI皮肤病识别、AI用药助手、AI睡眠助手等 。这些功能旨在解决用户在健康信息获取、疾病初步判断、就医指导、报告解读等方面的痛点,
AI应用到医疗上，能替代医生进行快速问诊吗？,https://api.zhihu.com/answers/1981692804494280524,无问,反正目前使用ai来看，完全不行。 我随便问个问题，问多了就开始错误，更别提问诊了。 ai的逻辑和联系还不足支撑一次比较严重的疾病,
你觉得这个AI问诊功能咋样？,https://api.zhihu.com/articles/1951700076679403121,VMOMENT,很多用户都非常喜欢里边的AI中医功能。 打开VMOMENT，拍一张舌照+面照（放心，照片仅用于AI分析哦～） 它会细心帮你分析,
生成式人工智能在诊断学问诊教学中的应用,https://www.zhihu.com/kvip/sku/paper/1961785497476129619,nan,"目的探讨生成式人工智能在诊断学问诊教学中的应用效果。方法选择西安交通大学医学部2019级临床医学专业学生为研究对象,随机选择2个小班分别作为对照组(n=50)和试验组(n=50)。试验组采用Claud",
当下流行的AI智能问诊是什么？,https://api.zhihu.com/answers/2825878840,陆玖传媒,@左手医生 左手医生智能与问诊以医疗对话交互形式，在患者就诊前模拟医生问诊流程，提前采集患者病情信息,
deepseek「AI 问诊」真的很有用吗？它对心理精神病类的判断如何？还是说其只适合询问生理病？,https://api.zhihu.com/answers/1897672112598140308,墨苍离,或用平庸者傲慢视角去意淫世界的妄想。 因而，你用好AI，AI可信的前提是： 你自己的认知高。 而这又是个悖论,
「AI 问诊」火了，如果用 AI 开出的药方出了问题，这个责任由谁承担？,https://api.zhihu.com/answers/110769994073,药渣王,AI问诊对医院和患者都是有利的，以后会成为病人和医生的好帮手，不但能促进更合理的诊断和用药，也有助于消除医药信息差,
deepseek「AI 问诊」真的很有用吗？它对心理精神病类的判断如何？还是说其只适合询问生理病？,https://api.zhihu.com/answers/1973848250072179979,咪蒙,我们来全面、客观地分析一下DeepSeek这类AI在问诊，特别是心理精神类问题上的能力、局限性和正确使用方式,
AI能否替代医生问诊？,https://api.zhihu.com/answers/2898022788,神经夫妻联盟,听我讲完，作为一名神经外科医生，我其实很期待AI能替代医生的问诊工作，原因其实很简单，在繁忙高强度的医疗工作中,
人工智能问诊，智慧医疗健康管理，智能药物推荐系统，智能食疗推荐，疾病诊断分析系统，医疗健康机器人系统,https://api.zhihu.com/articles/632148808,andy,人工智能健康管理系统，语音交互，智能分析疾病，包含8000+疾病智能分析，3W+症状数据， 饮食运动处方,
当下流行的AI智能问诊是什么？,https://api.zhihu.com/answers/581708809,陈遥,作为一名IT技术人员，对于AI智能，略有了解。众所周知AI是人工智能，AI智能问诊，也就是把人工智运用于医疗领域,
deepseek「AI 问诊」真的很有用吗？它对心理精神病类的判断如何？还是说其只适合询问生理病？,https://api.zhihu.com/answers/1970029990713197803,嗯哼,核心问题其实在于 AI的算法和模型。 AI问诊的本质是信息匹配与概率计算，它真正的能力是运算推理能力,
deepseek「AI 问诊」真的很有用吗？它对心理精神病类的判断如何？还是说其只适合询问生理病？,https://api.zhihu.com/answers/1897690789389239016,徐若航,比以前大家看病方便很多，虽然也有一些局限性。 输入你的问题deepseek可以给到相当多的资料，各种心理问题的可能性,
为什么说人工智能问诊才是在线问诊的未来？,https://api.zhihu.com/answers/584025819,是你的益达,就有可能产生误诊的情况。但是人工智能问诊与在线问诊有所不同，因为有人工智能技术，在线问诊就变为发达。原因你知道吗,
你有通过 AI 诊断过疾病的经历吗？,https://api.zhihu.com/answers/1903784714231342483,暗淡蓝点,推荐专业的问诊平台，比如丁香医生，微信小程序和APP都有，可以选择医院，科室，医生，进行付费问诊，可以用图文形式,
互联网医院AI预问诊：重塑线上问诊的第一公里,https://api.zhihu.com/articles/1979557724556632215,争实科技,一份清晰、条理的预问诊报告已经生成，静候医生查阅。 二、AI预问诊带来的核心价值 AI预问诊的价值是多方共赢的,
线上问诊和 AI 辅助诊断真的靠谱吗，未来会取代线下看病吗？,https://api.zhihu.com/answers/1963627502674097960,健康管理培训,线上问诊和 AI 辅助诊断的靠谱性，早已在政策规范与技术落地中形成支撑，但 “取代线下看病” 始终是伪命题,
为什么说人工智能问诊才是在线问诊的未来？,https://api.zhihu.com/answers/584038261,狗脊,路是走出来的，把人做主体，才能提现人工智能的优势。 人工智能问诊是中国医疗可能走的最快的路，但不一定最适合中国的国情,
AI医疗工具测评（个人健康咨询）,https://api.zhihu.com/articles/8227789236,彬及琳,笔者分别尝试了3款AI医疗工具，来看看作为个人健康咨询的话，使用体验如何？ 这3款AI医疗工具分别是：,
请问：有没有人在研究用人工智能（AI）助力中医问诊？比如，用AI建立人类脉搏模型，诊断疾病?,https://api.zhihu.com/answers/2386050693,vector,曾经看到自动化学报的一篇文章，用知识图谱搞了一个问诊平台进行中医诊断的，用的是症状作为输入，诊断作为输出,
医生被质疑后发现DeepSeek才是对的，AI问病靠谱吗？,https://api.zhihu.com/articles/25957124406,赛鲁斯,普通医生，律师，财务，甚至教师都是人工智能最先冲击的行业。说白了，人工智能在归纳总结方面有天然的优势！ 不喜欢乱怼,
如果你的诊断主要由 AI 给出，你会更信任医生还是 AI 的结论？,https://api.zhihu.com/answers/1971528180889257286,CpP,你们为什么这么信AI………… AI医疗我私以为的最大问题是信息输入。比如你觉得肚子疼，然后问AI，未受过医学训练的人大概率只会打出“肚子疼”三个字给AI,
医生治疗方案被质疑，发现患者用 DeepSeek 给出的诊断结果才是对的，AI 未来会取代医生问诊吗？,https://api.zhihu.com/answers/109345501396,Corbicula,并且不会进行真正的思维实验。LLM在所有AI技术中是网友最容易获得震撼体验的AI类型，但不是最适合医疗诊断的AI类型。 我当然相信AI诊断有一天会完全取代人,
问一下知乎的医生们，以后的患者要是用DeepSeek问答的内容和你们对线要怎么办？,https://api.zhihu.com/answers/91735088221,rising Li,我已经开始用AI来帮我诊治疑难患者了，根据我把之前已经确诊的疑难病人的资料发给AI所得出的结论，可以看出即便非医疗型的AI也能在大多数情况下给出正确或者接近正确的答案,
AI看病软件哪个好？,https://api.zhihu.com/articles/1911449952120442966,医联健康,网络搜索看见的信息可信度、夸大性又让人恐惧，随着AI医疗的发展，AI看病软件让越来越多的用过的用户觉得值得使用、参考，所以AI看病软件哪个好,
多地医院接入 DeepSeek，会如何改变传统诊疗方式？医疗行业的人如何拥抱 AI?,https://api.zhihu.com/answers/117858339674,Nulli Cedo,听诊湿啰音，输入AI AI建议查胸片和验血，AI诊断肺右下叶影像学实质化，验血AI诊断为白血球上升，中性粒上升,
线上问诊和 AI 辅助诊断真的靠谱吗，未来会取代线下看病吗？,https://api.zhihu.com/answers/1964726959067079273,山西力汇智联,我的认为是不会取代，线下问诊的这种模式一定是不会被ai取代的。 因为线上问诊，ai诊断只能说是浅层的分析可能的病因,
DeepSeek能够进行中医辩证处方吗？,https://api.zhihu.com/answers/94865801853,西安水哥,那得荒唐到何种程度。 所以，中医AI的核心，仍然是中医水平高低的较量，而不是AI，AI充其量只是一个工具。 第二,
AI看病到底靠不靠谱？专家、用户观点完全对立,https://api.zhihu.com/articles/1974911618065404856,数字健康快讯,特别是像泰积健康推动的 AI 中医系统，在基层、乡镇、边区的落地证明——AI 正在真正解决“看病难、看病慢、看病贵”的现实问题,
AI医生在三甲医院辅助诊疗，病情评估更快更准，3-5分钟给出诊断报告，AI未来会取代人类医生吗？,https://api.zhihu.com/answers/103481745615,社会科学,以至于这个问题表现的平平无奇，才15个回答。 AI医生最大的作用不是问诊自动化，不是给患者带来的那么点、也许暂时还没有的便利,
你对于现在网上AI看病有什么看法，AI医生真的可以看病吗？,https://api.zhihu.com/answers/1906316969042511268,诚信期待合作,比较可信，AI所能查阅和记忆的内容比真人医生要多得多，但要结合自己的实际情况综合考虑，AI引用错误的观点也是有可能的,
柳叶刀惊曝：AI让医生6个月「废功」20%，癌症检出率崩盘！,https://api.zhihu.com/articles/1946605571139675519,新智元,检查在有或没有AI辅助的情况下随机进行。 在未得到AI辅助的检查中，有795例是在常规使用AI前进行的，648例则是在引入AI工具后进行的,
卫生健康行业人工智能应用场景参考指引——10.智能预问诊,https://api.zhihu.com/articles/1971137844484486458,<em>智能</em>健康管理,应用场景：在医生问诊前，利用语音识别、 自然语言理 解、 图像识别、领域知识融合等人工智能技术，通过文字、,
AI能否替代医生问诊？,https://api.zhihu.com/answers/1929241154190292221,BOZZTEK,到生产落地全流程跟进，让智能硬件精准匹配业务，助力行业效率升级 。 医疗问诊效率革命已至，用这款智能 AI 问诊机打破传统桎梏,
【基层AI医疗进化记 01】问诊：AI实时生成问诊提示,https://api.zhihu.com/articles/29374558649,ABC诊所管家,针对基层医疗机构目前在问诊环节存在的问题，以及问诊对诊疗的重要性，ABC上线了AI问诊提示。 02 AI问诊提示是什么 AI问诊提示相当于在系统内自带了“问诊提纲”、“问诊模板”,
AI问诊逐渐取代医生是不是伪命题？实测国内外医疗专用大模型！,https://api.zhihu.com/articles/663138355,优云智算,而在之前的25名医生都没有诊断正确，AI大模型能否代替一部分初级的问诊？下面我们就来实测一下！ 01 百度灵医BOT(国内),
如果你非得用DeepSeek看病，建议这么看（附详细提问模版）,https://api.zhihu.com/articles/1979535560784773942,果壳,能不能用AI看病？当专家不能，当助手很能 有一种用DeepSeek等人工智能助手（AI）看病的方法是,
“问诊”这一步能利用大数据做出一个人工智能吗？,https://api.zhihu.com/answers/1937088735524131182,知企科技,需要技术持续迭代与伦理规范的双轮驱动。 从“望闻问切”到“云端问诊”，科技重塑了医患连接的形态。AI问诊系统正悄悄改变着医疗资源流动的轨迹,
AI能否替代医生问诊？,https://api.zhihu.com/answers/1937167411158704532,蓝字计划,立马刷新了很多人的对 AI 的认知，原来 AI 除了帮我们偷懒和娱乐外，还能用来“问诊”。 但从网友们的反应来看,
第22期：如何理解什么是“智能问诊”？,https://api.zhihu.com/articles/559963553,数字化刘老师,智能问诊是人工智能技术在医疗领域的重要应用。所谓智能问诊，就是指机器代替医生与患者进行对话，了解患者的病情,
AI应用到医疗上，能替代医生进行快速问诊吗？,https://api.zhihu.com/answers/1981654233347556314,千手医仙,从短期来说，肯定可以替代，类似于我们出门诊有个实习同学帮忙预问诊，但是总是需要主诊医生把关从长远来说，就是智能驾驶的未来，终究是完全替代人类，不过那个时候ai可能主要都在忙着修他们自己的硅基生命,
DeepSeek开药方靠谱吗？,https://api.zhihu.com/articles/32732706134,中医传人,不少人开始尝试向AI求一张中医药方，而DeepSeek则一瞬间化身“老中医”。 足不出户，AI问诊，情况如何,
如何看待医疗智能问诊?,https://api.zhihu.com/answers/2654292410,数字化刘老师,智能问诊是人工智能技术在医疗领域的重要应用。所谓智能问诊，就是指机器代替医生与患者进行对话，了解患者的病情,
AI能否替代医生问诊？,https://api.zhihu.com/answers/2952416716,澳洋数字,AI不能替代医生问诊。 因为人是具有思想和情感的，虽然人工智能技术的发展推动了医疗事业的进步，但是医疗人工智能是不可能取代医生这个行业的,
线上问诊和 AI 辅助诊断真的靠谱吗，未来会取代线下看病吗？,https://api.zhihu.com/answers/1963560615009293832,漫步溜达,线上问诊和 AI 辅助诊断真的靠谱吗，未来会取代线下看病吗？ 线上问诊和 AI 辅助诊断真的靠谱吗，这个靠谱是有概率的,
人工智能AI有望在不久的将来代替西医医生,https://api.zhihu.com/articles/21246863907,iceflame,西医看病的程序化和流水线化为AI看病提供了很大的可能，近年兴起的网上问诊已经让病人不需要再去医院排队看病,
现代AI诊疗是否可以人工诊断？,https://api.zhihu.com/answers/1933673907770066156,七月,医院如何认定AI的结果要不要每个都人工审核。AI诊断出现异常问题后责任如何划分。当AI出现异常无法“断臂”自保,
AI 辅助诊断离真正落地还有多远，主要障碍在哪里？,https://api.zhihu.com/answers/1963898570580162400,一个胖momo,那这个模型对罕见病的诊断准确率有多高，如果诊断错了，那ai愿不愿意背锅。 现在AI程序辅助诊断，供应商愿不愿意背锅？很明显不愿意,
医生治疗方案被质疑，发现患者用 DeepSeek 给出的诊断结果才是对的，AI 未来会取代医生问诊吗？,https://api.zhihu.com/answers/109624681489,胡言,机器人就可以手术了，全中国只需要几万个医生就够用了。 AI取代医生比较难，但AI加快医生的工作效率，让一个医生干完现在上千个医生的工作,
AI 辅助诊断系统引入医院后，医生的工作效率是提高了还是更复杂了？,https://api.zhihu.com/answers/1973689481677804537,医策科技,从医策科技在病理AI领域的实践来看，AI辅助诊断系统引入医院后，医生的核心诊断效率是显著提高了，而非变得更复杂,
AI智能预问诊系统｜结构化AI问诊+电子病历，为门诊流程按下“加速键”,https://api.zhihu.com/articles/1956283469727535859,武汉星际互动,系统模拟资深医师问诊思路，高效整合并自动生成标准化电子预问诊报告，无缝对接医院现有信息系统，将问诊流程前置，显著缓解“三长一短”门诊难题,
如何看待医疗智能问诊?,https://api.zhihu.com/answers/2772620536,陆玖传媒,生成问诊总结并发送给患者 智能问诊 除以上功能外，左医「智能医助、智能在线问诊」产品还具备智能匹配回复话术、智能常用语、智能知识库、医生排班等功能,
智能问诊，一站式解决方案,https://api.zhihu.com/articles/586301274,陆玖传媒,生成问诊总结并发送给患者 智能问诊 除以上功能外，左医「智能医助、智能在线问诊」产品还具备智能匹配回复话术、智能常用语、智能知识库、医生排班等功能,
智能问诊 | 线下到线上，人工到自动,https://api.zhihu.com/articles/85484509,Qiao,瞄准患者轻量级问诊咨询的需求，不少主打线上问诊的创业公司应运而生。 线下问诊 &gt;&gt; 线上问诊 线上问诊，顾名思义,
人工智能运用在智能导诊上可以帮助人们解决哪些问题？,https://api.zhihu.com/answers/1952776195390289720,静水,这就是传统的人工导诊存在的问题。而随着人工智能的发展，现在我们可以用AI来替代人工导诊了。AI导诊不仅效率更高,
智能问诊和传统问诊相比，有什么优势？,https://api.zhihu.com/answers/581710340,陈遥,我就从以下几个方面为大家分析智能问诊相较于传统问诊，优势在哪： 首先，智能问诊汇聚了全科的力量，相比于单一科室的诊疗经验,
医生治疗方案被质疑，发现患者用 DeepSeek 给出的诊断结果才是对的，AI 未来会取代医生问诊吗？,https://api.zhihu.com/answers/109597908869,窝太华,我认为这是完善三级诊疗制度的一个契机，更是一个完善医疗ai机器人的机会 三级诊疗制度的主要意思是，根据疾病的轻重缓急及治疗的难易程度对疾病进行分级诊疗,
基于AI的自动化诊断已经不再遥远,https://api.zhihu.com/articles/681781834,嘉蕴,一个很广泛的观点是，如果AI连片子都会看了，那基本可以认为AI会看病了。近十年来，AI读片的研究一日千里，直接导致很多大佬（比如Hinton和吴恩达）宣称过AI替代医生指日可待（当然他们被打脸了）,
湖南省医保局明确要求禁用 AI 开处方，原因是什么？人工智能在医疗领域的角色该如何定位？,https://api.zhihu.com/answers/110127553474,极萨学院冷哲,但在医学上5%的幻觉可能都会出人命。 另一个方面就是AI没有处方权，说直白的就是AI不能背锅。 然后可以把昨天的回答贴过来,
多地医院接入 DeepSeek，会如何改变传统诊疗方式？医疗行业的人如何拥抱 AI?,https://api.zhihu.com/answers/117007515668,叶岚山,现在有医院已经在试行使用AI写病历了。 能省事到什么程度呢？ 比如出门诊的时候，医生正常都是一边问诊、给病人查体,
实测医疗APP好伴AI：数字版三甲专家人人可用，AI医疗落地之路终于走通了？,https://api.zhihu.com/articles/25512732233,量子位,无外乎有以下几种形态： 在线问诊+药品配送，AI基于预设规则来诊疗一些常见病； 医学知识科普+轻问诊，AI局限于症状自查表,
如何看待医疗智能问诊?,https://api.zhihu.com/answers/1558341359,末代猿,后来迎来移动互联网在线问诊，可以选择网上咨询医生来判断或图心里安慰。 当前各种人工智能噱头的智能问诊出现，某种意义上来说满足了人们随时随地有个可能靠谱的口袋医生朋友,
大家对人工智能医疗怎么看？人工智能医疗应该着重往那个方向发展比较好？,https://api.zhihu.com/answers/2716112718,系统之神与我同在,最后估计只能说帮医疗方面做一些信息化系统。但是机器学习 人工智能在这个业务上还是算了。 用AI整理一下 在探讨AI医疗这一领域时，我们必须正视其背后的复杂性和挑战,
Springboot医院智能导诊问诊全流程系统源码 支持小程序H5,https://api.zhihu.com/articles/30143788412,星辰大海里编程,帮助患者更快速、准确地找到适合的医疗资源。 智能预问诊——提高诊疗效率和精度 如果患者使用了预问诊，患者在前期询问智能助手的所有病例就会直接同步到医生的电脑端,
DeepSeek 医生也能上岗诊疗了，人工智能自动生成处方靠谱吗？,https://api.zhihu.com/answers/109074266403,程老狼,清华首个AI医院小镇来了！AI医生自进化击败人类专家，数天诊完1万名患者 搜狐健康：AI医生给上万AI患者看病？清华研发智能“医院小镇”,
AI医生已经能诊断95%的病例，人类医生会彻底失业吗？,https://api.zhihu.com/answers/1916773237091731221,lzbin80,男人和女人都有可能早晚被AI取代。 但是可能超越物质空间的（例如神佛仙，如果存在的话）可能AI“不允许”超过物质空间,
AI在医疗影像诊断中已展现出较高准确率，但当AI诊断结果与资深医生诊断意见相悖时，应如何决策？,https://api.zhihu.com/answers/1922662788351889420,Watt Hour,而不是始终把循证理念作为一个实践准则。） 目前的临床AI成果，我经常用来打比方的一个说法就是，应该把AI和医生的工作看成类似合数探索的问题,
健康AI从技术到爆款，最难跨越的鸿沟是什么？,https://api.zhihu.com/answers/1951659484595327080,Akihi,健康AI最难跨越的鸿沟可能就是准确度了。 毕竟身体和其他东西不一样。 如果AI出现误诊，让病人吃错药,
AI医生在三甲医院辅助诊疗，病情评估更快更准，3-5分钟给出诊断报告，AI未来会取代人类医生吗？,https://api.zhihu.com/answers/111583472216,陈子杨Dr.outside,这些不是说AI代替不了。只是在我以及各位的有生之年，AI都迭代不到这个地步。 那再说回来，现在AI医生的应用到那一阶段了呢,
AI医生在三甲医院辅助诊疗，病情评估更快更准，3-5分钟给出诊断报告，AI未来会取代人类医生吗？,https://api.zhihu.com/answers/99802707874,蓝色月光,百分之九十九的人都是感冒发烧拉肚子。这种简单的症状，ai完全可以处理。 还有一部分人，无非就是高血压，糖尿病,
智能问诊系统推荐-医联MEDGPT,https://api.zhihu.com/articles/1895126461121291844,医联健康,所以国内在2023年起，AI智能问诊开始逐步出现， AI智能问诊系统推荐，主要基于以下几方面： 1、问诊准确性 2、数据可靠性,
AI问诊小程序凭什么火了？这5个优势告诉你答案,https://api.zhihu.com/articles/1913627554008510587,科技浪花弄潮儿,湖州市的AI问诊系统在脑卒中急救中，通过快速诊断为患者争取了宝贵的黄金时间。 总结AI问诊小程序凭借高效、精准、便捷和隐私保护等优势,
基本医疗诉求是否能通过人工智能解决？,https://api.zhihu.com/answers/3189851757,数字梦想家,自动从知识库中总结出适合的答案进行返回。 整个问诊过程被记录，也可以在问诊结束之后自动接入到在线的医生进行后续的服务。 AI问诊甚至可以通过摄像头、体温计血压仪等智能终端采集患者的生命体征信息,
AI能否替代医生问诊？,https://api.zhihu.com/answers/2966335556,海旭,AI在医学图像识别、疾病预测、治疗方案制定等方面都有着很好的应用前景。但是，目前的AI技术还无法完全代替医生进行问诊。 AI在问诊中的应用主要是通过数据分析和机器学习等技术,
deepseek「AI 问诊」真的很有用吗？它对心理精神病类的判断如何？还是说其只适合询问生理病？,https://api.zhihu.com/answers/1899003691618504867,江小北,特别是你问的那种——心理精神类。 一、AI 问诊是个啥？别被营销洗脑了 很多人一听「AI 问诊」就觉得好高大上，脑子里就浮现个白大褂的AI医生,
能不能用人工智能代替医生诊疗？,https://api.zhihu.com/answers/1853634777,青遥近争,可以用人工智能进行诊前问诊，一些流程化的问答和操作，完全可以通过机器人来完成。,
医生治疗方案被质疑，发现患者用 DeepSeek 给出的诊断结果才是对的，AI 未来会取代医生问诊吗？,https://api.zhihu.com/answers/109555174617,response,ai问诊能力目前就是比三甲门诊强很多。差的是检查，毕竟ai没有手。 如果一个主任，全科精通，从不懈怠及时更新自己知识,
AI看病靠谱吗？,https://api.zhihu.com/answers/1895574735238193976,阿鹿说健康,先说结论：目前AI看病还不太靠谱，但通过AI获取疾病知识还是靠谱的。 我实测下来，目前国内主流的大模型,
哈工大团队开源医学智能问诊大模型 | 华佗: 基于中文医学知识的LLaMa指令微调模型,https://api.zhihu.com/articles/626536996,CVHub,而经过专门医疗数据训练的Glass AI（链接：https://glass.health/ai）模型在智能诊断上表现极其出色,
基于深度学习的医疗问诊助手,https://api.zhihu.com/articles/15433741668,古月居,博主衍生出了做一个基于深度学习的医疗问诊助手的想法，依靠深度学习模型来做一个简单的医疗问诊机器人。 正文开始： 硬件准备这里博主直接展示一下做这个项目的一些硬件准备,
线上问诊和 AI 辅助诊断真的靠谱吗，未来会取代线下看病吗？,https://api.zhihu.com/answers/1963522822807742027,二师兄,而所有专业的技术支持则放到黑箱中由AI完成。诊疗流程和结果评价由AI完成，伦理评价和责任追溯由人完成，这就是最终趋势,
AI还有多久可以被广泛用于医疗？,https://api.zhihu.com/answers/3449719640,嘉蕴,问反了。拍片分析啥的已经用了很多年了。 倒是问诊这件事情很难做，大模型出来之前根本做不了。大模型出来之后能做了,
你认为人工智能看病有什么优点？,https://api.zhihu.com/answers/2862765539,diveng,提高了医疗人力资源的利用率，大大提高看病就医的效率。 ④人工智能节省获取检查结果的时间 医生诊疗的流程大致分为问诊，检查，看报告,
现阶段人工智能可以进行一对一的心理咨询吗？,https://api.zhihu.com/answers/2695821055,陆宣霏,就像我们去医院里面问诊，人工智能的机器人只能回答我们模块化的东西和知识，但取代不了医生面对面的问诊和判断。 人工智能可以解放人类很多劳动力,
ai已经/即将摧毁哪些行业?,https://api.zhihu.com/answers/1973740152506568833,zhang,医生有经济利益牵扯，人工智能没有，所以人工智能更客观。 医院就是做个检查，把数据抄给AI，AI立刻分析出病情,
这波人工智能浪潮怎么越来越像泡沫，AI到底带来了什么？,https://api.zhihu.com/answers/1961811126242243072,Tashi,肝上结节 冠脉造影 头颅血管造影都是靠ai诊断 我相信其他领域也有被ai取代的东西,
人工智能在医疗影像诊断中的实际应用已发展到什么程度？未来可能完全替代放射科医生吗？,https://api.zhihu.com/answers/129846030663,gcd0318,那么医生为什么要用这玩意？AI 写了报告他还要对照图像看一遍，甚至还要排除掉AI 报告的误导，等于增加医,
AI真的可以代替医生问诊吗？,https://api.zhihu.com/articles/1939635616699619324,JXY_<em>AI</em>,并为他们提供一些治疗建议。 二、AI在问诊中的优势 尽管AI无法完全替代医生，但它在问诊中有一些不可忽视的优势,
AI能否替代医生问诊？,https://api.zhihu.com/answers/2907668794,码蹄集,再去确认一下病情嘛…… 从技术上来说，要让AI代替医生问诊，并不是不可能的。以图像技术为例，对于AI来说，图片数据分辨力达到0,
智能问诊系统推荐,https://api.zhihu.com/articles/1893717048506438475,医联健康,还能进行用药指导、智能随访复诊和康复指导。 推荐2 腾讯云智能预问诊（IPC） 腾讯云智能预问诊（Intelligent,
AI能否替代医生问诊？,https://api.zhihu.com/answers/3388367388,飞机是HR,先说结论：AI可以做辅助诊断，但短时间内无法替代医生问诊。 AI就是人工智能，其核心就是深度学习，通过学习不断成长,
未来ChatGPT有可能代替医生问诊吗？,https://api.zhihu.com/answers/2890560812,别动情,它不知道应该如何问问题才能获取相应的信息，以后能不能不好说，但是我认为AI问诊是可以的，问诊并不是什么复杂的东西，很多指南都有诊断流程图,
如何看待在线问诊平台中AI精准推荐医生的功能？,https://api.zhihu.com/answers/1913691291759380280,医链智核GHH,（扫码获取《智能AI预问诊系统设计白书》及15个落地案例） （附）预问诊系统落地工具包 回复“预问诊”领取,
如何看待医疗智能问诊?,https://api.zhihu.com/answers/1564466521,不留行,"智能问诊目前做得比较好的是Ada和KHealth 由于医学的复杂性, 医生看病需要问诊、查体, 再结合化验检查等综合诊断",
智能问诊靠谱吗？,https://api.zhihu.com/answers/2825895555,陆玖传媒,节约医疗资源的同时也减少了患者的心理压力。 左医科技智能自诊系统采用AI机器人模拟临床医生问诊思维，与用户进行自然语言交互，智能采集用户病情信息,
AI到底能不能看病？,https://api.zhihu.com/articles/618930607,Charlie,把血液报告上传到Github然后问了下ChatGPT，看看AI能不能看病。 首先多模态的ChatGPT能把血液报告图片基本准确翻译成文字,
未来ChatGPT有可能代替医生问诊吗？,https://api.zhihu.com/answers/2946397336,不想睡醒夜太短,判断病灶性质，时间是人工分割的5%，成本只有人工的5%。 外科以穿刺导航系统为例：利用人工智能三维重建DICOM数据,
AI能否替代医生问诊？,https://api.zhihu.com/answers/2958138573,左迁,可能不用别人怎么帮忙，自己也做出来了。 我想说的是什么呢，AI医生和AI驾驶员一样，可能永远没法出现，因为涉及生命安全,
「AI技术已能辅助医生诊断，未来十年内『人机协同』会彻底颠覆医疗行业吗？」?,https://api.zhihu.com/answers/1946112292627391211,华奥奥利奥,患者痊愈率得到显著提升。 智慧医疗生态重构：AI驱动的三大变革方向 诊疗流程再造：AI预问诊系统可提前完成主诉采集与分诊,
智能问诊靠谱吗？,https://api.zhihu.com/answers/581709670,陈遥,质量最好的自然就是最靠谱的。智能问诊同样如此，充满干货内容及信息技术，能够让人信服。其实智能问诊，比我们想象的靠谱,
AI能否替代医生问诊？,https://api.zhihu.com/answers/2903232824,Captain不是船长,医生依靠人际关系和实践经验，来获得优质的问诊服务，而人工智能缺乏这些能力。 目前来说，依靠人工智能来替代医生问诊还是不可行的，不能把医疗问题交给人工智能完全处理,
迈向对话式诊断人工智能,https://api.zhihu.com/articles/679039151,pinecypress,使我们有可能开发出完全交互式的对话型人工智能。这样的医学人工智能系统可以理解临床语言，在不确定的情况下智能地获取信息，并与患者和护理人员进行自然的、对诊断有用的医学对话,
智能AI诊脉，对中医的未来不友好,https://api.zhihu.com/articles/708873569,空心藕,大家好，我是民间自学中医的中医爱好者。 浅谈一下，AI智能仪器提供中医诊断，可见传统中医也跟上了科技进步的步伐,
“清华AI医院”上线！首批42位AI医生亮相，诊断覆盖300余种疾病,https://api.zhihu.com/articles/8181056529,量子位,是感知视觉AI突破后，AI在影像等领域，可以提供医疗助力。当时包括谷歌在内的AI巨头，都对AI医疗影像的前景非常乐观,
互联网医院问诊，医生回答笼统，是我的使用方式不对吗？,https://api.zhihu.com/answers/1973748747109438218,核桃就医贴士,首先，互联网问诊模式确实给一些简单的、相对单一常见的患者带来了更多的便利。但是不可否认，是有局限性的,
医学可以和人工智能专业交叉结合吗？,https://api.zhihu.com/answers/1920838132061959383,CardinO,多了去了，你去各个医院影像科看看，肺结节的识别ai早都普及了，就是准确率还有待提高。其他的包括辅助决,
你觉得线上问诊靠谱吗？,https://api.zhihu.com/answers/1966451139940688883,西安大白楼陪诊,现在有种职业叫代问诊 把你的检查报告给专业人员。 人家拿给医生看。再让你和医生直接通话 阐述病情。和,
AI能否替代医生问诊？,https://api.zhihu.com/answers/2888067483,zeniaking,很可能导致病人不得不做一大堆不必要的检查。 这是我自己看病被坑多了得出来的经验。AI问诊在我看来更像是互联网问诊。单纯口述很多疾病很难判断,
DeepSeekAI问诊：在家就能看的智能医生，真的靠谱吗？,https://api.zhihu.com/articles/1913638687603922596,小学童,并推荐合适的治疗方案或进一步检查建议，从而缓解线下医疗资源的压力。 主要功能智能问诊，DeepSeek通过自然语言处理技术，与患者进行多轮对话,
AI能否替代医生问诊？,https://api.zhihu.com/answers/2990805817,姚盛,丁香园上已经有人做过测试了，将相同病例由AI和医生进行对比，结果就是AI完全不会“问”。 目前的AI问诊和用百度查病情差不多,
邦大夫：看中医时 AI 问诊是种什么体验？,https://api.zhihu.com/articles/52560106,Naturali 奇点机智,电商、金融、教育、企业内部服务、智能硬件等领域的企业都能够通过”对话流”自主定义对话式AI体验。 语音对话交互是未来”AI+医疗”的大势所趋，医疗机构或平台中AI的应用将不再仅是喊口号或评级标准,
医生治疗方案被质疑，发现患者用 DeepSeek 给出的诊断结果才是对的，AI 未来会取代医生问诊吗？,https://api.zhihu.com/answers/109333461450,叶岚山,再者患者不愿意、不能做一些检查造成的数据缺失也会给AI诊疗带来难度。 还有一个点大家都提过，就是AI不能背锅，无论是医疗事故还是患者医闹,
病人拿着Deep seek来看病，你觉得怎么样？,https://api.zhihu.com/answers/1977683998202429739,金戈铁马,我们做手机端“预问诊”， 做智能导诊， 包括辅助在线问诊的“ai专家助手”， 还有报告的智能解读， 以及基于患者画像与智慧模型的诊后管理,
人工智能在医疗中有哪些使用场景？,https://api.zhihu.com/answers/2865478789,IT人刘俊明,也得到了具体应用。 前些年人工智能技术在医院领域的应用大部分是基于医学图像、问诊记录、随访记录、用药记录等数据展开的,
AI智能问数系统：用大白话“聊”出数据答案,https://api.zhihu.com/articles/1975498453091128846,上海拔俗网络,想知道“为什么新品销量不如预期”，却对着复杂函数无从下手。而AI智能问数系统，就像给数据装了“聊天功能”，不用懂技术,
为什么医疗诊断的人工智能专家系统没有流行开来？,https://api.zhihu.com/answers/346716961,不羁之风,可靠性。虽然人工智能的专家系统看起来已经发展了很久，很成熟，但实际上它真的有那么可靠吗？没有了解过的人可能会觉得它一点也不可靠，有点了解的人可能会觉得它不是那么可靠。毕竟作为一个专家系统，它还是要依靠病人的具体病况作为条件来分析的，然而在实际的看病过程中，往往医生在除了问询之外,
向AI提问题，它给的答案是真懂还是假懂？,https://api.zhihu.com/answers/1979626114822459907,原来的号,AI是训练出来的，可以参考那种机器人客服，对某些关键字触发某些应答机制。胜在训练它的人多，样本量足够大,
GPT-5败下阵，这款中国AI拿下全球第一，众多医生已在用它做诊断,https://api.zhihu.com/articles/1973864487263179589,量子位,基层医生真正需要的AI，一定不是炫技的AI，而是能在临床真正派上用场的助手。 可怎样的AI才能做到后者？,
人工智能在辅助医生诊断疾病时，目前达到了怎样的准确率和可靠性？,https://api.zhihu.com/answers/1959312092541715955,类人的滑某,不同的解决办法会衍生出不同的工作场景，我举例几个： 方案一：ai给出的每个诊断都由医生人工复核，如果ai和医生给出的诊断一致，则同意采用该诊断,
AI 辅助诊断将如何改变医生工作模式？,https://api.zhihu.com/answers/1960789221322240217,一个胖momo,已经投入使用了啊。 现在我们这里影像科影像都会过一边AI出个参考诊断，然后再人工审核修正，多省心省事啊。 这个系统不装在门急诊电脑上我能想到的原因一个是设备太次带不动,
ai 擅长答问题，以后知乎是不是最危险了？,https://api.zhihu.com/answers/1976167561025586123,想和鱼跳舞的猫,因为话题是AI抛出来的； 所以，现在就有了这么个情况： 人提问AI答 AI提问人来答 搁这和AI玩呢,
AI看病靠谱吗？,https://api.zhihu.com/answers/102485132045,空气流通防疫技术,Openai出现的时候，我就多了一句嘴说，医生可能被ai替代。结果被很多人围攻说我仇恨医生。 我五六年都不去一次医院,
目前人工智能应用于医学诊断的进展如何？？,https://api.zhihu.com/answers/2315483132,Aceyclee,所以利用 AI 进行医学影像辅助诊断也成为 AI 在医疗行业最重要的应用场景之一。 目前国内 AI 公司和医院联合做的智慧医疗方案也都以「AI,
什么?人工智能医院成立了！,https://api.zhihu.com/articles/1906667424054485126,张雪峰老师,可完成问诊、开具检查单、提供诊断建议、推荐治疗方案、随访咨询等全流程服务。 AI医生与人类医生 随着AI医院和AI医生的上线，未来的医生，是否会被AI取代？人类医生的角色又将如何演变,
关于人工智能与故障诊断方面?,https://api.zhihu.com/answers/2913306008,阡陌罔言,故障诊断在深度学习视角下目前就是个分类任务。根据你的数据类型（时间、图像、图）选择相应的模型去拟合就行了,
中医看诊能否实现人工智能化？,https://api.zhihu.com/answers/2822634102,陈斌,中医信息化虽然有好处，但估计还要很长一段时间，最应该做的: 1，病人问诊情况信息化，包括病历，复诊，返诊的结果。中医很多都是看完回家吃了药,
最详细的问诊实例,https://api.zhihu.com/articles/571602135,喜欢冷水的鱼,——XX岁 ——家住哪里呀？ ——浙江杭州 ——那你这次来看病主要是哪里不舒服 ——这段时间以来这个上腹反反复复得疼痛,
AI能否替代医生问诊？,https://api.zhihu.com/answers/2889699631,路小周,目前AI主要用于预问诊，上海、海南等多家知名三甲医院都陆续上线了“智能预问诊”，就是基于医疗人工智能（AI）、自然语言处理、医学知识图谱等核心技术研发的智能系统,
AI问诊有风险 家长切勿太大心！,https://api.zhihu.com/articles/1890069913898566633,如鑫淼,文/鑫淼 AI问诊险误病情 近日，广东汕头某医学院第一附属医院，收治了一例家长用AI自行看病的病例。3岁的女童出现了反复咳嗽发热等症状,
AI能否替代医生问诊？,https://api.zhihu.com/answers/2974557985,趣竞陆小凤,迎来爆发式增长。 这第一波，将会赋能线上医生的问诊，出现人工智能来承接线上问诊的工作，比如数字人医生，GPT结合现在的数字人技术,
AI能否替代医生问诊？,https://api.zhihu.com/answers/2901207577,中年医生,目前从聊天类型的ai看已经可以基本掌握患者表达信息的核心内容，而影像学更是ai最早开始攻克的领域。 从以上分析可见，未来ai可以完全胜任问诊甚至诊断工作。,
人工智能达到了什么程度？,https://api.zhihu.com/answers/1519504732,张超,我们让这套模型去学习全国头部三甲医院专家的问诊过程，打造出来的机器人在问诊能力上能挤进全国的Top10%吧？,
如果有了一个人工智能，该问些什么问题才能测试出它的智能水平?,https://api.zhihu.com/answers/1317796912,亚东,这些能识别出现阶段的人与人工智能。 如果要测试它的水平，那就是一个很麻烦的问题。它是强人工智能还是弱人工智能。 对于强人工智能可以用上面的问题来分辨,
中医看诊能否实现人工智能化？,https://api.zhihu.com/answers/1881713019,荔枝糖,在某些疾病诊断过程中已经相当于顶尖人类一生的水平。在疫情期间智能问诊系统、肺炎咨询机器人、AI技术预测了新型冠状病毒的宿主和感染性、AI技术预测新型冠状病毒的全基因组二级结构等人工智能技术帮助医务人员一起抗击新冠,
人工智能前沿知识或者新闻能从哪里看到？,https://api.zhihu.com/answers/1949860293283914023,智赋岐黄,更通过图像识别技术实现了诊断信息的量化记录。问诊部分则通过智能化人机交互系统，完整保留了中医&#34;十问&#34;的内容框架，同时实现了问诊过程的标准化,
人工智能在医疗诊断中的最新应用是什么？,https://api.zhihu.com/answers/3520635030,阿哩,人工智能（AI）在医疗诊断中的应用日益广泛，下面是一些案例。 1. 影像诊断 AI在医学影像诊断中的应用尤为突出,
AI能否替代医生问诊？,https://api.zhihu.com/answers/2957713433,董玉雷,开发了针对术后病人的自动随访系统，有一定的可行性。 AI辅助医生问诊也是具有一定的可行性，提前收集一些病人的基本信息,
AI能否替代医生问诊？,https://api.zhihu.com/answers/2913330616,花花小生,那机器学习模型将无法通过正确的输入进入训练，导致AI模型所做的预测不正确。也正因如此，人们对AI问诊的结果也总会持怀疑态度。,
未来ChatGPT有可能代替医生问诊吗？,https://api.zhihu.com/answers/2890639714,陈子杨Dr.outside,第二个是乳腺癌Luminal A型 T3N0M0 如何治疗？ 大家看看这能看病吗？ 其实我还想问51岁乳腺痛会不会是乳腺癌？乳腺癌Luminal,
AI能否替代医生问诊？,https://api.zhihu.com/answers/2966832670,Herman,也尝试过很多AI技术和AI算法。在此我想谈谈我个人对AI问诊甚至AI医疗的浅薄看法。 首先AI问诊其实并不新鲜,
告别“人工客服”！用Dify+知识库，打造你的24小时智能问答专家,https://api.zhihu.com/articles/1967637726401634536,<em>Ai</em>小白龙,要用时却怎么也找不到？AI回答看似流畅，却总给不出你要的准确信息？问题不在于你记性差，也不在AI不够聪明，而是它根本“不知道你的事”,
目前人工智能应用于医学诊断的进展如何？？,https://api.zhihu.com/answers/3075359088,行行查,医生可通过电子处方或病历系统将患者的化验结果、症状及用药治疗等基本情况上传至人工智能系统，帮助人工智能系统有效获取诊断的基本内容。 •可能性诊断判定,
现在都喜欢什么都问AI了，会不会被不好的AI训练误导呢？,https://api.zhihu.com/answers/1979539536901068071,YuMeng,为何通过恋爱与学习用AI：恋爱从古至今存在，AI是近些年的产物，意义是人类怎么活，依旧会怎么活地与AI没啥关系。,
你认为人工智能看病有什么优点？,https://api.zhihu.com/answers/2890201276,数码人生,1、人工智能看病能够提高诊断精度和准确性，从而提高人们的生活质量； 2、人工智能看病可以更快地获得更准确的诊断结果,
有没有在医学领域好用的AI?,https://api.zhihu.com/answers/3455044488,<em>AI</em>绘画教练波波,在医学领域有好多好用的AI，它们正在改变着医疗行业。 AI在医学诊断中的应用 我们可以使用图像识别技术,
研究称对 AI 粗鲁提问准确率更高，真的是这样吗？为什么会出现这种现象？,https://api.zhihu.com/answers/1963665728797401962,正经的乱说,你可以试着PUA一下AI，比如多次否定他，用其他AI的结果来对比他不如其他AI，让他重新思考 你得到的可能比说脏话,
如何看待线上问诊？,https://api.zhihu.com/answers/1924051733040037965,玩美数据研究院,三甲专家可能比外卖更快抵达你的手机屏幕。未来，线上问诊或许能和网购一样普及和便利。 爆发式增长：互联网问诊已成气候 互联网医疗早已不是新鲜概念,
AI能否替代医生问诊？,https://api.zhihu.com/answers/2889301303,NLP算法工程狮,但是需要注意的是对于普通病人来说，病情的描述可能不会太准确。所以AI可以辅助医生问诊，但是不能替代。 我是@NLP算法工程狮,
医生在临床推理方面是否仍然优于人工智能?,https://api.zhihu.com/answers/1979704476483994315,Mike,各有千秋。人工智能强在检索和归纳，2.0阶段时可对提供信息有超前预判。但医学是不断发展的学科，AI受限于模型与算法,
怎样问诊会更全面，更能得到真实的答案？,https://api.zhihu.com/answers/155320660,杜兰澈,请问你叫什么名字？今年多大了？嗯，从事什么职业 …… 主诉 请问你这次到医院的主要原因是什么,
AI能否替代医生问诊？,https://api.zhihu.com/answers/2893168682,火鸡工程师,AI不能替代医生的问诊，但是可以辅助医生完成问诊，提升医疗服务效率。例如，AI可以从海量的病人健康数据中学习,
AI能否替代医生问诊？,https://api.zhihu.com/answers/2980600735,Pendragon,还是制造汽车的厂商应该负责的问题。 这个问题很复杂，所以AI即便有能力实现看病问诊的功能，但也很难只让AI来做。,
AI能否替代医生问诊？,https://api.zhihu.com/answers/3242143271,哈哈哈挺有趣,替代医生问诊目前还做不到，现在ai还是需要患者提供详细身体数据的，还有各项检查单，病变图片等，而且很多专业名词被问诊者也答不上来,
AI能否替代医生问诊？,https://api.zhihu.com/answers/2892884751,筱江即何,1、医生问诊也是基于对病例的积累和对病人本身的数据检查和症状描述做出的诊疗方案。所以在数据和信息海量的情况下，AI是能替代医生问诊的。这当中需要2个节点完善信息，一个就是病人的检测数据,
AI能否替代医生问诊？,https://api.zhihu.com/answers/2960764587,<em>AI</em>筑梦师,医学领域的人工智能 | IBM “人工智能AI时代的临床决策支持” by 知乎：知明：人工智能AI时代的临床决策支持,
AI能否替代医生问诊？,https://api.zhihu.com/answers/2967959823,陈大文,一些公司和机构已经尝试将AI用于医生问诊和治疗。但是，AI是否能够完全替代医生进行问诊呢？我认为答案是否定的,
未来ChatGPT有可能代替医生问诊吗？,https://api.zhihu.com/answers/2889632467,心灯,所以如果出现家用血液检测仪，再结合外在症状加以分析，那么人工智能做问诊基本上是没有问题的。,
AI能否替代医生问诊？,https://api.zhihu.com/answers/2903157096,西戎校尉,所以训练出的Ai写些简单需求的程序就比较好用。 Ai问诊有待发展，这将极大缓解医疗资源不平衡，看病难的问题,
AI能否替代医生问诊？,https://api.zhihu.com/answers/2967486685,有丶秀,以及判断癌症和其他疾病的早期征兆。 智能问诊：AI可以通过自然语言处理技术和机器学习算法，与患者进行交互式问诊，了解病情和症状,
未来ChatGPT有可能代替医生问诊吗？,https://api.zhihu.com/answers/2919437403,绝密伏击,因此可以肯定的是，“人工智能不能够代替人类，不能够代替医生”。 在医疗领域，人工智能可以帮助医生更快、更准确地诊断疾病,
谷歌发布全新诊断对话式AI在测试中击败医生，通过了图灵测试，如何看待此研究？AI医疗未来会如何发展？,https://api.zhihu.com/answers/3364011731,北方的郎,使得更多患者能够获得更好的医疗服务。现在，人工智能在短期内还无法完全取代人类医生。然而，随着人工智能技术的不断发展，人工智能在医疗领域的应用将会越来越广泛,
人工智能可否用于眼科疾病的诊断？,https://api.zhihu.com/answers/565868627,马宁,他们现在是最接近临床应用的企业。原理是通过拍摄眼底照片，然后通过AI算法进行分析，目前的情况是能够判断四十多种常见病,
市面上有没有人工智能的医疗APP？,https://api.zhihu.com/answers/1365004913,JerryLi,"推导出最可能患有的疾病,目前可智能自诊4200多种疾病,将生活中的常见疾病尽数收纳，并持续保持更新。 智能自诊导诊实现的流程",
有没有人试过用AI给开中药，比如deepseek或者chatGPT或者阿里千问也行，效果怎么样?,https://api.zhihu.com/answers/1972957201548215998,半目胜负,AI是个无私心的助手，只要能精准描述需求或症状，AI就会帮你解决问题。不只是中医，很多领域都是如此。执行力够强,
有这么多AI软件可以问问题，那为什么还要问知乎呢？,https://api.zhihu.com/answers/99717675354,invalid s,因为AI目前仅仅是逻辑思维半入门/未入门状态而已。问事实性、常识性、分类性等有现成结论的东西，它很强,
问一下知乎的医生们，以后的患者要是用DeepSeek问答的内容和你们对线要怎么办？,https://api.zhihu.com/answers/92044953147,momo,但是我会按照主诉和查体，给出自己的诊断和方案，如果要求我按照ai的方案之类治疗，对不起，能力有限，建议上级医院就诊,
AI能否替代医生问诊？,https://api.zhihu.com/answers/2898433529,洞见观察室,根据目前的各种AI应用，目前AI还不能完全代替医生问诊，但是AI可以作为医生的助手来完成一些事物性的工作,
腾讯杰出科学家郑冶枫全职加入西湖大学 主攻医学人工智能,https://api.zhihu.com/articles/714634097,西湖大学<em>人工智能</em>,毕竟，在医学人工智能的研究领域，他已经扎根了近二十年。 顾名思义，“医学人工智能”是将人工智能技术应用到医疗行业的方向,
有没有医疗平台可以实现远程问诊？,https://api.zhihu.com/answers/1018797766,元芳探险,里面都是全国各地的医生，北京协和医院的大咖也都可以在线问诊。 丁香医生-在线问诊使用攻略 之前为了让朋友更好的使用丁香医生,
Ai真的能替代医生做手术，你会接受嘛?,https://api.zhihu.com/answers/121030059525,惰惰猴,依然需要通过控制台进行毫米级操作，AI 在其中扮演的角色，更接近「防抖云台和智能滤镜」。 三、总结 这类医疗辅助 AI 系统与,
AI医生在三甲医院辅助诊疗，病情评估更快更准，3-5分钟给出诊断报告，AI未来会取代人类医生吗？,https://api.zhihu.com/answers/103463293648,哦呵呵呵,先把分级诊疗搞好再琢磨ai吧。 路都走不好为啥急着跑？ ai确实是趋向！这个毋庸置疑！ 但是基层医院的电脑现在还在用奔腾的cpu,
AI医生在三甲医院辅助诊疗，病情评估更快更准，3-5分钟给出诊断报告，AI未来会取代人类医生吗？,https://api.zhihu.com/answers/99898431938,疏狂一醉,在立法解决医闹之前，AI医生取代不了人类医生。 以前还能把锅扣到人类医生身上，AI医生来了，嘿！谁批准的无人门诊,
现在市面上的几大线上问诊平台，哪家回复质量最高？,https://api.zhihu.com/answers/722051746,Bryce,通过单项测试，是无法完全反应平台真实情况的。 原因很简单，问诊的服务提供者是医生，而非平台工作人员。 回复的质量好坏,
你觉得线上问诊靠谱吗？,https://api.zhihu.com/answers/1961480730208100378,秋姨李药师,轻症可以线上问诊，重症就不建议了，可能会影响病情。线上问诊的核心价值是 “补充线下诊疗”，而非 “替代线下医院”它适合解决轻疾咨询、慢性病随访、报告解读等问题,
你觉得线上问诊靠谱吗？,https://api.zhihu.com/answers/1953391608054673877,仁者爱人,也会开启付费服务。 最后总结，不是线上问诊靠不靠谱，是你要明确线上问诊的目的是什么？疾病了解，大的治疗方向和预后可以,
线上问诊和远程医疗会彻底改变未来的就医模式吗？,https://api.zhihu.com/answers/1981376101579241373,南鹏,不会，但人工智能会,
目前人工智能应用于医学诊断的进展如何？？,https://api.zhihu.com/answers/175136725,Apocalypse,肠镜病理特征如何，又可以大幅度缩小疾病范围，这些事情说实话，用人工智能来做绝对会比人做的更好更快，至于外科手术，这种程序化的活儿,
知到《人工智能基础》问题解答,https://api.zhihu.com/articles/444427638,故里,经过努力，总算学完人工智能基础，以下是我的成果: 第一章: 第二章: 第三章: 第四章: 第五章: 第六章,
人工智能进入医疗行业，有多少好处?,https://api.zhihu.com/answers/3935988164,DeepArena,即便是成为医生的copilot形式的产品也要面对着，AI真话混着假话的回答情景，在医生高强度问诊的场景是否能够及时分辨AI提供参考依据中的错误对于医生的医术水平来说是极大的挑战,
医院引入 AI 管理系统后，患者就医体验与医疗效率有何变化？,https://api.zhihu.com/answers/1981381607693772034,朗深技术,但总会在“最后一公里”卡住——比如老人不会用、突发状况系统傻眼。说白了，AI得有人“托底”，关键是把智能流程和人工服务无缝捏合。这活儿考验的是系统底层的连接能力，像iSoftCal这种中间件，专治各环节对接不畅，让AI和人工能平稳交接，减少“适应成本”。,
大家怎么看待AI医疗这个行业呢？,https://api.zhihu.com/answers/1969889631932753554,<em>AI</em>医声,让医院自己去做AI医疗产品？不现实。 反过来，你也没见过哪个AI医疗公司自己去开医院的。 但在其他AI行业，这种情况却很常见,
【知乎独家】2025年最新AI医疗研究报告整理，一共40份，欢迎收藏！（附下载资源包）,https://api.zhihu.com/articles/28391833558,旺小旺,一、文件大小概览一共 311MB，40个文件，全部都是最新的AI医疗报告合集哦~ 干了这么多年投研，我算是跟研报死磕上了，满脑门子的数据、行业趋势。耗费了这么多年的心血，上千份研报我都给您打包齐了。居然还在有这么人跑来这里问我 ~ [图片] 这十几年我钻进了研报堆里面,
什么是 AI 医疗？,https://api.zhihu.com/articles/1966825293793719588,MATLAB中国,机器人手术 - AI 在医疗领域的一项应用。 使用 AI 医疗的优势和挑战 实施 AI 医疗方法可以为医疗保健领域带来诸多好处,
蚂蚁CEO韩歆毅：AI不会取代医生,https://api.zhihu.com/articles/1949529782644618014,华尔街见闻,健康管理却是高频需求，两者结合可为AI深度服务提供土壤。 而回答“通用AI与专业AI哪个更适合医疗健康领域”的问题时,
AI医疗，落地为王——从罗氏进博“黑科技”，看懂AI医疗落地正确姿势,https://api.zhihu.com/articles/1970557961848992696,氨基观察,进一步完善着AI落地闭环。 AI为翼，科研为笔——罗氏医学创新生态发布会 这背后是罗氏对AI医疗价值链条的重塑,
“AI儿科医生”直击医疗痛点,https://www.zhihu.com/kvip/sku/paper/1980584559092454229,nan,"AI赋能医学,将来带动的可能是另外一个高地。目前,AI通过赋能临床决策、扩容基层医疗资源、优化健康管理,正推动“AI+医疗”生态发展。今年,首都医科大学附属北京儿童医院(以下简称“北京儿童医院”)发布",
《AI医疗百家顶级公司 Day 1》 - Hippocratic AI,https://api.zhihu.com/articles/1968441959174615191,Jerry Huang,Hippocratic AI 的创始团队兼具稀缺的创业经验、AI 技术专长与医疗领域的深度理解，使其在消费级医疗 AI,
国内AI医疗的发展史,https://api.zhihu.com/articles/1888980790332859114,医联健康,提出2020、2025、2030年的“三步走”目标，推动AI医疗的发展，标志着国家层面对AI医疗推动进入正式的启动。 这期间，AI医疗机构如医联、阿里、腾讯、百度、科大讯飞纷纷入局,
AI医疗影像：在数据“围城”中如何突围,https://api.zhihu.com/articles/1981378000189679367,经济观察报,头部三甲医院几乎都引入了AI医疗影像产品。 AI为医疗影像的价值 AI技术已为医疗影像领域带来巨大价值。,
AI医疗的切入点在哪？,https://api.zhihu.com/answers/1963210850920824942,何望海,一、 协和样本：AI如何切入真实医疗场景 武汉协和医院的“AI智慧门诊”展示了AI切入医疗流程的三个精准维度,
AI医疗发展历程,https://api.zhihu.com/articles/1920888177599705549,医联健康,1956年达特茅斯会议正式确立了“人工智能”这一术语，为后续AI在各个领域的应用奠定了基础。在医疗方面，早期的AI尝试主要集中在简单的医学数据处理和分析上,
如果评价蚂蚁推出的AI医疗健康应用AQ ？,https://api.zhihu.com/answers/1971854876687460079,唐辰同学,把王小川的设想实现了。 蚂蚁的AI医疗路径很清晰，即通过AI服务深入更多医疗场景与需求，依靠“支付+医疗+AI技术”三角架构,
AI可以完全取代医生护士吗？,https://api.zhihu.com/answers/1953502585400059373,山西力汇智联,AI当然不能完全取代医生和护士 AI在医疗中只能充当辅助的作用，辅助诊断，辅助信息汇总等一系列辅助功能。 AI只是医疗信息化进程中的一个小小板块,
AI医疗时代，索斯科赋能人机交互更高效,https://api.zhihu.com/articles/1976013785941685986,索斯科锁定技术,随着国家大力推进“人工智能+医疗”应用，AI医疗正从技术探索走向全面落地，成为提升医疗质量和效率的重要力量,
AI+医疗，被神话了,https://api.zhihu.com/articles/24997729069,氨基观察,01 / AI医疗狂想曲 “AI将使药物开发成本降低4倍，并将研发投入的回报提高5倍；AI将使癌症筛查的效率提高20倍,
最全盘点AI医疗上市企业：谁在领跑国内“AI+医疗”黄金赛道？,https://api.zhihu.com/articles/1930541286928127874,<em>AI</em>小医,AI医疗崛起，上市企业成创新引擎 AI医疗结合了人工智能和医疗健康技术，正在全球范围内快速发展，尤其是在中国,
2025全球AI医疗TOP30 | AI医疗,https://api.zhihu.com/articles/1945541809263609473,科普新视界,鹰瞳科技在港交所上市，成为全球“医疗AI第一股”。 08 Viz.ai (美国) Viz.ai是AI赋能卒中（中风）护理的全球典范,
腾讯AI+医疗，全面开放！,https://api.zhihu.com/articles/1955521597965303975,颐通社,荐读 美敦力押注AI+数字化 重磅！全球首个法案出台，引领医疗AI走向大模型 AI医疗智能体：从 &#34;超级工具&#34;,
脑机接口+AI医疗，强关联的10家公司,https://api.zhihu.com/articles/1971978223861609430,股海密探者,其产业发展将直接推动AI医疗的技术迭代。 在此背景下，脑机接口与AI医疗技术的深度融合将加速医疗场景的创新升级,
AI+医疗：解析智慧医疗产业如何应用？AI+医疗：解析智慧医疗产业如何应用？,https://api.zhihu.com/answers/1967018458786033928,wgwang,AI医疗：技术、实践与未来 走向未来 在探讨人工智能（AI）于医疗健康领域的应用时，一个普遍的认知起点是将其视为一项颠覆性技术,
2025，AI医疗们排队港股,https://api.zhihu.com/articles/1961032724254032368,智药局,就在最近，AI医疗市场又被点燃了一把火，两家AI医疗公司向港交所提交上市申请。 森亿医疗正式向港交所递交招股说明书,
未来医生会不会被AI取代？,https://api.zhihu.com/answers/1889695437226762455,捕手,医疗行业会变成AI+医生的模式。未来的世界不是AI取代人类，而是会用AI的人取代不会用AI的人。 真正聪明的医学生应该现在就开始学习如何与AI协作,
如果评价蚂蚁推出的AI医疗健康应用AQ ？,https://api.zhihu.com/answers/1970879978087362626,量子位,蚂蚁集团CEO韩歆毅表示： 医疗健康的特殊性决定了专业AI的不可替代性，AI医疗健康做到极致的话，用户不会走,
20250724调研AI＋医疗,https://api.zhihu.com/articles/1931797663700985729,平流层小韭菜,盈利逐年稳步增长。 机构调研里也未提到AI医疗相关。 5、小结 以AI＋医疗概念正宗程度考虑的话，最正宗的是万孚生物,
AI可以完全取代医生护士吗？,https://api.zhihu.com/answers/1950838538129114139,orochi2k,少年，去医院让你选AI医生和人工医生，你选谁？ 如果医院默认AI医生，你会在多久之内要求换人工？ 再牛逼的AI目前也会犯错,
未来医生会不会被AI取代？,https://api.zhihu.com/answers/1960348370561406818,指令视界,这看似戏剧却真实发生的一幕，折射出AI技术在医疗行业引起的震动：AI来了，医生会被取代吗？AI看病开的方，人们能放心使用吗,
医生会被AI取代吗？,https://api.zhihu.com/answers/112433497290,馨上人,医生给出治疗方案或是Ai采集病人的发病特征，医生通过数据收集后给出相应方案的手段释放更多医疗资源。Ai转变为一线采集,
AI 会不会取代医生?,https://api.zhihu.com/articles/8542785223,王云川,庄时利和 关于 AI 会不会取代医生的话题。 去年网上有一个帖子传得比较多，关于未来几年内人工智能会取代医生的,
AI 在眼科疾病诊断中，未来可能取代医生的哪些工作？,https://api.zhihu.com/answers/1977099689074648053,儿眼医生汤锡强,所有医学学科，除了医学伦理层面和医疗责任归属层面对人类医生会有依赖，医生具备的各种技能，几乎都可以被AI取代。非技能部分，如人文关怀层面，AI、机器人完全取代人类医生可能还需要较长时间的进化迭代。越来越有趋势证明，人类医生正在变成一个AI诊疗选项的“打钩人”。但近一二十年,
AI能取代医生吗？,https://api.zhihu.com/answers/1899121690035880739,易聪HIS系统,AI无法取代医生，他只能充当一个辅助接诊的工具，最终的决策权，依旧是在医生手上。 AI是根据整和网上的资料,
医生会被AI取代吗？,https://api.zhihu.com/answers/18415506843,切玉斋随笔,先说结论:【医生不会被AI取代，但不会或拒绝使用AI工具的医生会被娴熟运用AI工具的医生取代。】,
谷歌/豆包产业链/夸克AI眼镜/AI医疗/AI游戏/AI营销,https://api.zhihu.com/articles/1980931117365346317,A谷人,SH）：AI辅助诊断和临床决策支持系统。 - 塞力医疗（603716.SH）：AI驱动的医疗数据解决方案,
对于 AI 医疗的一些头脑风暴,https://api.zhihu.com/articles/1942518437692831711,别拿冰女不当C,但另一方面，发展速度不会像AI chatbot 那么快。与 AI通用聊天机器人相比，医疗AI 的发展速度会慢很多,
2025中国AI医疗TOP30 | AI医疗,https://api.zhihu.com/articles/1945201989127479368,科普新视界,公司与华为云合作推出AI健管专家“迪晓智”，将AI能力从诊断延伸至健康管理全周期。 AI医疗大模型与临床决策 05 商汤医疗 商汤医疗凭借商汤科技深厚的AI技术积淀,
医生如何不被AI取代？,https://api.zhihu.com/articles/21021934609,八哥医生,最近Deepseek红的出圈， 在医疗领域，人工智能（AI）的发展正逐步改变传统诊疗医疗模式，有人说以目前人工智能的发展速度,
2015-2025：中国AI医疗投资十年沉浮录,https://api.zhihu.com/articles/1930965781270762342,张鸿宇,资本聚焦：AI医学诊断和新药研发 近10年来，国内AI医疗项目在细分赛道上出现明显结构性分化。AI赋能医学诊断以383起融资事件高居首位,
AI与医疗,https://api.zhihu.com/articles/1958295712543511024,代码诗人,AI点亮医疗之光：实战案例中的希望 在医疗的战场上，AI正逐渐成为不可或缺的“战友”，为守护人类健康冲锋陷阵,
AI到底会不会取代医生？,https://api.zhihu.com/articles/13321088896,知乎用户nvmnFz,“AI不会取代医生，但会使用AI的医生将取代不会使用AI的医生“。 随着人工智能（AI）技术的快速发展,
AI医疗风口来袭！全面盘点国内AI医疗上市企业,https://api.zhihu.com/articles/24691707752,还得是老高,在全球科技与医疗融合的大背景下，AI 医疗赛道正在全线爆发。 国外以 Tempus AI 为代表的 AI 医疗企业开年股价暴涨,
AI+ 医疗的星辰大海,https://api.zhihu.com/articles/1909634500134147904,北极的树,这一政策也为未来AI医疗的发展铺平了道路。 由于我本身并不从事医疗行业，因此对人工智能在具体医疗场景中的应用进展了解不多,
未来的AI能取代临床医生吗？,https://api.zhihu.com/answers/1950919299083527129,假装在剑桥,从临床实践的角度看，是的！未来的AI是能够取代临床医生的！ 以美国为例，AI辅助应用已经深度整合至医疗体系的各个方面，极大地提升了生产力效率,
AI诊疗能取代医生吗？,https://api.zhihu.com/articles/26517582961,掌中书教育,清华大学、复旦大学、香港中文大学、南京大学等顶尖高校，以及部分医疗机构也加入了这场AI医疗的发展浪潮之中。 AI儿科以上上岗，AI医院上线所有的迭代好像在今年爆发了,
AI+医疗？我们可能搞错方向了,https://api.zhihu.com/articles/699552911,和智诚刘,但愿能有好的发展。 在我看来，AI并不适用于医疗的绝大部分领域，特别是核心的诊疗工作： 1、 AI基于大数据，本质上是统计学,
从AI医疗到医疗AI：从互联网医疗废墟中崛起的新物种,https://api.zhihu.com/articles/1934634101706590178,体外诊断网,与互联网医疗不同，当前医疗AI正展现出截然不同的技术特质和产业逻辑。从“AI医疗”到“医疗AI”的术语转变,
未来医生会不会被AI取代？,https://api.zhihu.com/answers/1891278371947791815,知乎用户,让每个居民使用AI健康助手，简历AI健康档案，把你的病例，x光图片等所有信息都放上去，AI都能事无巨细的进行分析,
AI医疗企业「生死簿」——微脉医疗的AI医疗布局思路,https://api.zhihu.com/articles/1930895309363479422,<em>AI</em>小医,谁在领跑“AI电子病历”赛道？ 2.AI医疗企业盘点：谁在领跑“AI影像分析”赛道？ 3.AI医疗企业盘点,
AI医疗产品需符合用户心意,https://api.zhihu.com/articles/1956353612449059133,健康报,关键在于研发出优质AI医疗产品。 AI医疗正以空前的速度和力度重塑医疗格局。在这股技术革新浪潮中，AI医疗产品研发究竟该以什么作为基础,
“AI医生”会取代医生吗？专家们给出答案,https://api.zhihu.com/articles/30294393521,与爱共舞论坛,目前我们还不太建议把人工智能作为诊断的主要依据或者唯一依据。 1 AI问诊存在的风险 虽然AI问诊为我们提供了极大的便利,
上海AI医疗独角兽，冲刺IPO！,https://api.zhihu.com/articles/1959995670938236168,张通社,企查查 03 AI医疗生态赋能 打造全球首个“无人诊所” “AI+医疗”即人工智能技术与医疗健康领域的结合应用,
最新A股正宗AI医疗概念股！,https://api.zhihu.com/articles/22127339048,胡锡进,随着科技巨头的纷纷布局以及国产大模型DeepSeek的应用落地，AI医疗赛道正变得越来越火热。A股AI医疗核心个股涵盖了从AI制药到AI诊断、信息化等多个方向,
AI医疗起飞！,https://api.zhihu.com/articles/22956144598,搬砖小组,今天市场提升对于AI医疗的情绪有两个原因，一个是国会山股神佩洛西买入了一家AI医疗公司Tempus AI的看涨期权,
从狂热到清醒：我对AI医疗泼点冷水,https://api.zhihu.com/articles/1931372962231071069,体外诊断网,医生护士仍然是核心。他们需要学习如何和AI协作、如何解释AI的建议、如何监督AI的表现。遗憾的是，大多数方案都没有把系统性的职能培训计划放进去,
各类AI医疗大模型推荐,https://api.zhihu.com/articles/1894078569132578739,医联健康,临床辅助类AI医疗系统功能截图 AI医疗大模型部分功能示意图 2、华西黉医：华西医院主导的AI医疗系统，集成720亿参数的医学大模型,
AI医疗十大龙头公司,https://api.zhihu.com/articles/1921242398903755474,医联健康,在人工智能技术飞速发展的当下，AI 与医疗的融合正深刻改变着传统医疗行业的面貌。医疗以严谨，准确率为主,
如果评价蚂蚁推出的AI医疗健康应用AQ ？,https://api.zhihu.com/answers/1924496322129556976,Adam,所以AI医疗的爆款一定来自小场景，小模型，细分专科。一下子做成万能型很难，现阶段爆款AI医疗的关键是围绕着细分需求,
全国首家AI医院将面向公众开放，AI会取代医生吗？,https://api.zhihu.com/answers/1906031087232189113,速途元宇宙研究院,并最终由一位真正的医生“背书”签字确认。 这名AI“医生”背后的技术，来自一家中国医疗人工智能公司——森亿智能所打造的AI诊疗系统。经过两年筹备,
AI医疗，谁来兜底，如何兜底？,https://api.zhihu.com/articles/31506335388,蚌埠检察,赵精武还建议，分领域细化AI监管规则体系，包含AI医疗器械监管、AI医疗系统监管、AI医疗数据监管等。 在支付模式层面,
百川智能，必须啃下AI医疗的“硬骨头”,https://api.zhihu.com/articles/1939757699853166207,连线Insight,N”方案（1个多模态医疗大模型，2个AI医生：AI 全科医生、AI 儿科医生，N 个不同场景），共建“AI 医生—真人医生双医协同”的医疗服务模式,
AI医疗渗透度显著提升,https://api.zhihu.com/articles/1928063577618617309,普华有策,根据应用场景的不同，AI医疗可以细分为AI医学影像、AI药物研发、AI医疗机器人和AI健康管理等。 我国AI医疗行业起步较晚,
AI医疗企业「生死簿」——云南白药的AI医疗布局思路,https://api.zhihu.com/articles/1930193305850872413,<em>AI</em>小医,AI医疗企业「生死簿」｜国外篇——Aidoc的AI医疗布局思路 5.AI医疗企业「生死簿」——联影医疗的AI医疗布局思路 6.中国AI医疗大模型七强—病理大模型,
最具想象力的低估AI医疗龙头,https://api.zhihu.com/articles/24328940043,爱投研的Kris,2025年是AI医疗应用崛起的大年。 美股AI医疗公司股价全面爆发，Tempus（AI检测检验及数据,
深圳AI医疗公司全景：AI医疗创新的全球新高地,https://api.zhihu.com/articles/1927022816366138319,<em>AI</em>小医,谁在领跑“AI虚拟健康助手”赛道？ 4.AI医疗企业七强—海外AI智能体 5.AI医疗企业盘点：谁在领跑AI医疗智能体赛道？ 6,
华为引爆AI医疗新纪元,https://api.zhihu.com/articles/24495202193,thundery,标志着华为正式加入AI医疗领域的竞争。这一动作不仅引发资本市场剧烈反应，更被视为AI技术颠覆传统医疗行业的关键转折点,
AI医疗企业「生死簿」——华大基因的AI医疗布局思路,https://api.zhihu.com/articles/1931628246115541466,<em>AI</em>小医,谁在领跑“AI电子病历”赛道？ 2.AI医疗企业盘点：谁在领跑“AI影像分析”赛道？ 3.AI医疗企业盘点,
中国 AI 医疗影像企业目前的发展趋势怎么样？,https://api.zhihu.com/answers/1891936991471441641,一猹就有 小猹,20240710-甲子光年-人工智能行业2024中国AI医疗产业研究报告：AI重塑医疗服务全流程，开启AI自主医疗时代.pdf,
行业风口｜AI + 临床/医疗,https://api.zhihu.com/articles/1961546966086432033,老王聊晋升,来看看AI在临床医疗中的真实落地，特别是医疗影像与医生助手方向。本人也正巧曾在AI + medical,
医疗+AI 还是 医疗+金融？？？,https://api.zhihu.com/answers/83513236543,纷繁知识杂货铺,使其在2025年的市场表现值得期待。 潜力无限，AI+医疗市场广阔 AI在医疗领域的应用，早已超越了数据处理和辅助诊断的范畴,
AI医疗概念股一览表！,https://api.zhihu.com/articles/24336198829,胡锡进,辅助医生早期筛查，降低误诊率。 AI医疗产业链分类 病理诊断 慢病管理 医疗系统 制药研发 AI医疗相关企业及产品 泓博医药,
AI+医疗=什么？,https://api.zhihu.com/articles/28426390198,华海鑫<em>医疗</em>信息化,在健康门户建设过程中，基本医疗、健康服务等数据都统一在资源平台上。通过移动互联和人工智能，把医疗服务需求方和医疗服务供给方联系在一起,
华为杀入 AI 医疗赛道，AI 医疗发展前景如何？,https://api.zhihu.com/answers/1957128051868562553,宋清辉,谁掌握AI技术制高点，谁就能在国际格局中占据主动，因此各国均将AI上升至国家战略层面。对比AI与互联网赛道的爆发逻辑,
阿里、字节纷纷下场，谁在掘金AI医疗？,https://api.zhihu.com/articles/1928894263187443733,新眸,根据2025年头豹研究院发布的《中国AI医疗行业白皮书》，当前AI+医疗的核心应用场景集中在五大板块：AI医疗器械、AI医疗助手、AI制药、AI健康管理与自动化药房,
大厂纷纷疯狂下注，AI医疗不再“鸡肋”？,https://api.zhihu.com/articles/1932166491190572915,未来图灵,在过往没有被满足。今天AI的发展，确实给医疗服务提供了技术突破的可能性。 AI医疗不再“鸡肋”了？ 二十多年前,
AI医疗的真实应用距离我们还有多远？,https://api.zhihu.com/answers/1929572233732399591,行行查,未来AI医学影像市场规模将迎来高速增长。 目前AI医疗影像已经成为我国AI医疗领域最为成熟的细分领域。2022年中国AI医疗影像市场规模约15亿元,
不要让“AI+医疗”变成一次性买卖,https://api.zhihu.com/articles/1888547455412438803,氨基观察,木头姐在年度报告中预言，AI医疗将重构万亿美元健康产业；Tempus AI成了AI医疗当红炸子鸡，短短一个月股价涨了接近200%,
AI医疗涉及的岗位概览,https://api.zhihu.com/articles/28997998027,猎头Simon,构建符合《医疗健康信息互联互通标准》的数据中台，润达医疗等企业通过结构化电子病历提升AI训练效率。伦理合规官则需制定算法审查机制，确保AI诊断符合《医疗器械软件审评要点》,
科技巨头竞逐 AI 医疗赛道，AI 医疗迎来爆发式增长,https://api.zhihu.com/articles/1925495745974362349,答魔数据-答魔君,结语：AI 医疗的未来是 “人机协同” 华为、蚂蚁在 AI 医疗领域的布局显示，AI 医疗正从单点技术突破走向生态化竞争,
AI医疗的关键一跃：连接虚拟和现实,https://api.zhihu.com/articles/1955027275528540979,胡说成理,同时，互联网医疗又是AI医疗的前驱，但凡不从互联网医疗时代，一步步踏实走到今天AI医疗时代到来的企业或平台,
东软添翼2.0：让AI医疗不再“悬浮”,https://api.zhihu.com/articles/1960474462399988473,青橙财经,在东软的大健康版图内，除了智慧医疗业务，还有医疗保障、医疗大数据与人工智能、医疗设备制造、云医院、健康与医疗教育等。它们打通了从IT软件到硬件设备、从院内治疗到院外健康管理的全链条,
科普天地|“AI+医疗”产业化提速,https://api.zhihu.com/articles/1925318192823252245,晒科网,要以审慎乐观的态度积极应对。 技术驱动突破 “AI+医疗”潜力巨大 “人工智能在医疗领域潜力巨大，有望在健康管理、早期筛查、疾病诊断、康复护理、患者教育等多个环节辅助诊疗,
AI医疗公司排名-公司市值融资,https://api.zhihu.com/articles/1895903346868601281,医联健康,中国科学院《互联网周刊》联合中国社会科学院信息化研究中心、eNet研究院、德本咨询发布的AI医疗机构排名发布，由于其中涉及到部分AI医疗服务机构为上市公司的一个版块，所以在AI医疗公司排名信息没做特别细分,
AI医疗行业基础知识,https://api.zhihu.com/articles/357719714,星生 甲匠科技,AI医疗现在面对哪些困难？ 4.AI医疗领域有哪些优秀企业？ 1.AI医疗行业是什么？ AI医疗的概念 ：AI医疗是以互联网为依托,
AI+医疗，大模型重塑医疗生态,https://api.zhihu.com/articles/29639510072,调研菌,巨头入场角逐，传统医疗企业创新转型 从海外经验来看，英伟达、微软等AI巨头积极布局医疗领域，看好AI医疗发展前景,
AI+医疗软件如何创业？,https://api.zhihu.com/answers/3514673833,晖永欣<em>医疗</em>器械咨询服务,因此研发生产的产品都必须通过产品注册审批才能获准上市销售。谈到AI医疗软件，其实药监局也出台了相关的指导文件《人工智能医疗器械注册审查指导原则》,
华为入局AI医疗引发股市震荡,https://api.zhihu.com/articles/24519594895,知乎用户坤,华为宣布进军AI医疗领域，相关概念股单日暴涨超50%。市场预计其将在医疗人工智能与精准诊疗论坛展示最新技术成果,
燧弘华创携手泰达生物，共建AI医疗新生态,https://api.zhihu.com/articles/1944317581516309465,弘信电子集团,并在厦门市海沧区共同设立AI医疗联合创新中心，引入顶尖科研机构及AI企业实现落地应用，共建AI+医疗健康示范性生态基地,
为什么看好AI医疗，未来有什么前景？,https://api.zhihu.com/articles/1943706546975532001,趋势股手,华为昇腾生态重要合作伙伴，共同打造面向医疗行业的AI解决方案。公司基于昇腾AI基础软硬件平台，研发医疗影像AI辅助诊断、智慧医院大脑等产品,
为什么微软、华为和蚂蚁，都不愿错过AI医疗？,https://api.zhihu.com/articles/1888297353594774262,新莓daybreak,国内如华为、蚂蚁也在持续加码。AI 医疗都成为大模型最不愿错过的应用场景。 一、AI 医疗进化方向 大模型厂商进入医疗领域，他们的解题思路不受局限,
脑机接口+AI医疗，最正宗的9家公司,https://api.zhihu.com/articles/1918622557080360021,股海密探者,“脑机接口智能康复系统” AI医疗：公司持有全诊医学约20%股权，间接参与到AI医疗行业，旗下AI系列产品在三甲医院实现使用,
用DeepSeek看病，救了「AI医疗」的命,https://api.zhihu.com/articles/24797429552,36氪,2016年-2023年间，从AI医学影像、AI药物研发，到AI手术机器人、医疗大模型等，众多企业尝试借助AI，解决优质医生供给不足、区域诊疗水平参差不齐的难题,
AI将重塑人类文明形态 （二）让 AI医疗成为人类健康的守护神！,https://api.zhihu.com/articles/10028776801,徐鸣,主要是线下开展急救（智能ICU）、手术（手术机器人）、专业检测（CT、核磁共振等）医疗服务，依靠大型AI医疗设备，给需要深度医疗的患者提供切实的医疗服务。 未来的AI医疗，带来的不仅是医疗质量的大幅提升,
AI 医疗：腾讯的神秘新版图,https://api.zhihu.com/articles/52396016,史中,要依托腾讯公司建设医疗影像国家新一代人工智能开放创新平台。 这就厉害了，意味着腾讯在医疗 AI 方面的努力,
AI医疗,https://api.zhihu.com/articles/722060076,立聪堂南通,AI已经进入医疗，未来会有一部分医生的工作被AI替代，回复更全面 AI也就是人工智能，在未来会成为很多行业从业人员的助手,
AI医疗开源数据（汇总）,https://api.zhihu.com/articles/578740100,shenda,，未考虑影像、基因、药物分子、知识图谱等 可供AI医疗相关机器学习、深度学习算法研究和测试使用 每个数据库都值得深入研究,
全国首家AI医院将面向公众开放 AI会取代医生吗？,https://api.zhihu.com/articles/19321461088,钟承达,在这家由清华大学智能产业研究院团队打造的AI医院里，首批42名AI医生正在进行内测。近年来，AI已在医疗卫生健康领域带来革命性的变革,
AI 在医疗健康产业中的应用日益广泛，AI 对医疗行业带来哪些影响？,https://api.zhihu.com/answers/1932099416623392698,行行查,未来AI医学影像市场规模将迎来高速增长。 目前AI医疗影像已经成为我国AI医疗领域最为成熟的细分领域。2022年中国AI医疗影像市场规模约15亿元,
冯雷老师：AI+医疗的战略与未来,https://api.zhihu.com/articles/1951256699102016829,冯雷老师,整理而成。 冯雷老师 一、AI+医疗是什么 AI+医疗是人工智能技术与医疗行业深度融合的产物，通过大数据分析、深度学习、计算机视觉等技术,
Ai医疗接入深度求索的有哪几个A股？,https://api.zhihu.com/answers/104232749218,像素未来,AI医生助手可能纳入初级诊疗体系，社区医疗场景爆发。 四、普通人如何抓住AI医疗红利？ 1. 职场人机会： 转型AI医疗产品经理（需医学+IT复合背景）,
揭秘AI医疗：概念股与未来趋势！,https://api.zhihu.com/articles/26141783482,张红阳,如智能影像设备、智能诊疗机器人等。因此，医疗设备制造商将受益于AI医疗的发展。 AI技术提供商：AI技术的发展是推动AI医疗发展的关键因素,
AI 医疗产品分析报告：洞悉医疗 AI 的未来发展趋势,https://api.zhihu.com/articles/1910455372789057481,酒酿勃艮第,医疗 AI 在 AI 领域备受瞩目，讨论热度持续高涨。各类 AI 技术在医疗健康领域均有用武之地：复杂诊断依赖推理能力,
某券商：AI医疗观点更新,https://api.zhihu.com/articles/24171680146,调研菌,我们主要围绕AI+病理诊断、AI慢病管理、AI制药、AI医疗系统进行推荐： 1）AI病理诊断：根据Tempus美股映射逻辑,
AI+医疗：解析智慧医疗产业如何应用？AI+医疗：解析智慧医疗产业如何应用？,https://api.zhihu.com/answers/3476738530,知乎用户icxko2,而人工智能医疗和人类健康之间的联系也将会越来越密切。AI医疗产业应用与场景 AI医疗的概念 AI技术与医疗场景的深度融合。AI医疗是以互联网为依托,
江小涓最新演讲：AI+医疗，创新医疗数据应用,https://api.zhihu.com/articles/1938899295483957777,数据要素社,江小涓在2025WAIC“智领医界・AI 创未来”医疗人工智能论坛上发表主旨演讲 AI+医疗：高质量高效率满足人民健康需求,
Ai机器人能不能够取代医生？医生会不会失业？,https://api.zhihu.com/answers/120704422693,追逐玉米地,就算是美国总统也可以被AI取代，只是时间问题。 但是目前这种只是对话的AI肯定不行。 当前的AI有一个最基础的逻辑,
AI+医疗=什么？,https://api.zhihu.com/articles/28052249120,广州健信科技,在健康门户建设过程中，基本医疗、健康服务等数据都统一在资源平台上。通过移动互联和人工智能，把医疗服务需求方和医疗服务供给方联系在一起,
AI医疗的黄金赛道，大厂卷疯了,https://api.zhihu.com/articles/1915492110276227761,光锥智能,其原本就是从事医疗专业的人才，来对AI的回答进行纠错。” 医疗大模型，虽然是AI+医疗的敲门砖，但想要真正撬动AI医疗让更多的人用起来,
什么？！你还不知道这些“AI+医疗”正在落地？ | AI+医疗行业浅分析,https://api.zhihu.com/articles/32988196,Phoenix,我画了一个图，方便展示目前人工智能在医疗领域的应用： 图1. 人工智能在医疗领域的应用（资料来源：科大讯飞官网,
AI+医疗，竟然是这样落地的,https://api.zhihu.com/articles/694039937,看财经,美年推出了多个融入了AI技术的“专精特新”系列产品，包括肺结节AI、心血管AI、眼底AI、超声AI、脑健康AI项目等,
AI医疗的真实应用距离我们还有多远？,https://api.zhihu.com/answers/115566668620,今日热点,随着技术的不断成熟，AI医疗正从实验室走向大规模商业化落地。例如，AI辅助诊疗、医疗数据收费和AI医疗设备销售等商业模式正在逐步形成,
超级价值:AI+医疗！国内最有潜力的12家AI医疗，颠覆传统医疗,https://api.zhihu.com/articles/26809767108,理想家,**深睿医疗（Deepwise）** - **技术亮点**：多病种AI辅诊系统，乳腺、脑卒中AI产品获NMPA认证,
在AI医疗领域，我们应该更加关注哪些技术?,https://api.zhihu.com/answers/1889015083092398385,银创产业通,04 市场瞭望：AI 医疗蓬勃兴起 近年 AI 医疗市场“一路狂飙”，据《中国 AI 医疗产业研究报告》,
AI医疗自学指南（AI Healthcare Roadmap）,https://api.zhihu.com/articles/622344209,shenda,1 会议期刊 Venue Listshenda：AI医疗相关期刊&amp;会议 2.2 书籍 Book 《Healthcare,
一家AI医疗公司宣布倒闭,https://api.zhihu.com/articles/13294815292,猎云网,正值数字医疗行业的爆发，国内医疗AI再次回归大众的视野。相关数据显示，2020年国内医疗AI应用市场规模已接近300亿元,
AI医疗产业核心公司梳理,https://api.zhihu.com/articles/8793023638,天一论市,智能总检、智能客服、虚拟健康顾问 麦克奥迪：病理AI诊断系统、寄生虫AI诊断系统、医疗辅助诊断系统、细胞学以及宫颈癌HPV筛查,
AI医疗革命：DeepSeek爆火背后的机遇与挑战,https://api.zhihu.com/articles/26759654543,内科邹医生,我们可以看到AI在医疗领域的前景巨大。 一、AI在医疗领域的核心应用场景 医学影像诊断的智能化AI通过深度学习技术分析CT、MRI、X光等影像数据,
2024中国AI医疗产业研究报告,https://api.zhihu.com/articles/710303247,甲子光年,包括但不限于影像诊断、药物研发、临床决策支持、健康管理等。AI医疗的价值体现在提升医疗服务质量、增加医疗服务可及性以及降低医疗成本上。 AI影像：AI在医疗影像分析中展现出巨大潜力,
AI 医疗│触手可及的未来技术,https://api.zhihu.com/articles/12905230027,朱氏药业集团,从当前的发展态势来看，AI 医疗的普及正在加速。越来越多的医疗机构开始引入 AI 诊断工具，辅助医生进行疾病诊断,
AI医疗黄金年，蚂蚁靠“共建”突围,https://api.zhihu.com/articles/1919330904708481048,科技新知,上线消化专科智能体“消化百事通”，探索AI医疗融合新范式。 而这样的合作只是蚂蚁集团深耕AI医疗的一个缩影 。 近几年来,
全国首家AI医院将面向公众开放 AI会取代医生吗？,https://api.zhihu.com/articles/21433573625,广州健信科技,在这家由清华大学智能产业研究院团队打造的AI医院里，首批42名AI医生正在进行内测。近年来，AI已在医疗卫生健康领域带来革命性的变革,
医疗+AI 还是 医疗+金融？？？,https://api.zhihu.com/answers/3430256293,飞机是HR,我来简单的说说目前AI医疗的那些成熟的科技吧。 首先是AI影像学，之前几个医生一天观察的CT片子，AI影像几分钟内就可以观察上千个片子,
AI医生来了！门诊医生会被取代吗？深度解析未来医疗真相,https://api.zhihu.com/articles/26013615163,大力出神位,推动肺癌早筛智能化。 结语：AI不会取代医生，但会淘汰不懂AI的医生 AI的崛起并非医生的末日，而是医疗行业的进化契机,
未来AI能否取代医生和药剂师?,https://api.zhihu.com/answers/3421398952,子况,但最终的开药决策和患者指导仍需要药剂师的参与和负责。 AI在医疗诊断、治疗方案提供、医学研究、疾病预测等方面的确显示出了巨大的潜力和优势。AI能够处理和分析大量数据,
AI医疗迎风口！Deepseek催化！华为百度AI医疗概念股！朗玛信息！,https://api.zhihu.com/articles/21925903240,东财股公子,Deepseek大模型催化！AI医疗概念股朗玛信息！【木头姐押注AI医药医：医疗保健是最被低估的AI应用 AI将使药物研发商业化速度加快1,
AI医疗影像行业发展,https://api.zhihu.com/articles/414505745,星生 甲匠科技,目前，连心医疗、医诺科技、全域医疗、普润医疗、慧软科技等公司都在开发相关的产品。 （五）AI医疗影像技术发展现状,
未来，AI 机器人医生会取代外科医生吗？,https://api.zhihu.com/answers/1124650232,一条,Go打败李世石，人工智能的议题在全球大热，医疗AI又一次成为焦点。 2016年这一年，被称为国内“AI医疗投资元年”,
Ai+医疗：热门赛道，颠覆性创新医疗新纪元！,https://api.zhihu.com/articles/692201563,全球创业人物实录,人工智能（AI）已逐渐渗透到我们生活的方方面面，而“AI+医疗”无疑是当下最热门的赛道之一。 「行业现状」 AI+医疗是指人工智能技术在医疗领域的应用,
AI医疗的切入点在哪？,https://api.zhihu.com/answers/3359327208,飞机是HR,医疗设备（指单独或者组合使用于人体的仪器、设备、器具、材料等）占据最大市场份额。包括了AI 辅助诊断、AI 医学影像分析、AI 精准医疗、药物研发、医疗机器人、等多个细分赛道,
2024年最新AI医疗专项调研资料合集,https://api.zhihu.com/articles/693198893,一猹就有 小猹,国内领先的心血管数字化慢病管理平台 AI+医疗商业计划书.pdf 超300份AI医疗AI医药AI影像AI诊疗AI健康类专题资料,
探索AI医疗的无限可能,https://api.zhihu.com/articles/9833421078,东莞中科智汇,探索AI医疗的无限可能——中科智汇助力医疗行业智能化升级 AI医疗，正处于一个即将爆发的拐点。近年来,
AI医疗的切入点在哪？,https://api.zhihu.com/answers/3500635000,海选智库,旨在分析当前医疗健康AI大模型在实际应用中的成效，提高医疗各界对医疗健康AI大模型的认识和理解，讨论其对医疗服务可及性和质量的潜在影响,
AI医疗机器人：开启医疗新时代,https://api.zhihu.com/articles/1942211489520918656,佑信医管,在科技飞速发展的当下，人工智能(AI)与医疗领域的融合正深刻改变着传统医疗模式。其中，AI医疗机器人作为这一融合趋势的典型代表,
在AI医疗领域，我们应该更加关注哪些技术?,https://api.zhihu.com/answers/3420141294,数据与<em>AI</em>爱好者,刚刚阅读了一篇关于AI如何帮助医疗健康领域的文章《生成式AI将改变医疗保健的6种方式》/《6 Ways,
AI医疗，含苞待放,https://api.zhihu.com/articles/44178030,sootooinstitute,近几年国家十分重视AI医疗领域的发展，自2016年提出对AI医疗的发展要求以后，就相继出台多个与AI医疗领域相关的举措,
AI是否能在未来取代社区医生？,https://api.zhihu.com/answers/2816585188,咖喱给给,医生在给患者做诊疗时往往会有自己的“思路”，但AI没有办法把自己的思路说出来，会导致即使AI做了正确的决定，但人因为无法理解AI的想法，导致不敢贸然相信,
AI+医疗健康,https://api.zhihu.com/articles/641471734,意识漫游,与信息化系统集成后给医疗机构； 与医疗器械合作同硬件一起提供给医疗机构； 通过远程医疗提供给基层医疗机构； 通过互联网医疗的方式直接提供给患者,
AI医疗，已经跃过了“锦上添花”的阶段,https://api.zhihu.com/articles/658738205,<em>AI</em>新智能,在可预见的未来，国内AI医疗将在AI药物研发、AI+病理、AI医疗影像、AI医疗器械等主要领域持续发力,
AI+医疗，扭转生命的路线,https://api.zhihu.com/articles/662482984,极新,今年七月召开了2023世界人工智能大会， 医疗分论坛上，AI+医疗成为国内人工智能的下一个热点领域，为医疗行业亟待解决的问题提出了救治之法,
“AI”是啥？“AI+医疗”又是啥？,https://api.zhihu.com/articles/28059936,尚鞅,目前行业内仅有一个较模糊的概念，即人工智能对医疗领域的改造。亿欧智库研究认为，“人工智能+医疗”是人工智能技术对于医疗相关领域应用场景的赋能现象,
中国股市：AI医疗核心！,https://api.zhihu.com/articles/687771332,股海阿文,药。 二、AI诊所 爱威科技、安必平、朗玛信息、理邦医疗、润达医疗、华大基因。 三、医疗信息化 嘉和美康、山大地纬、创业慧康、久远银海、万达信息、万东医疗、东软集团、迪安诊断、卫宁健康,
“AI医疗”的下一个热点是……,https://api.zhihu.com/articles/28890569,鲸准jingdata,最后通过创投助手的投资人行为去发现AI医疗的下一个热点。 AI医疗大事件 什么是AI医疗？ AI医疗是以互联网为依托，通过基础设施的搭建及数据的收集,
从量变到质变：“AI+医疗”商业化困局,https://api.zhihu.com/articles/371363408,冰鉴科技研究院,BATJ、科大讯飞、平安、云知声、云从科技、冰鉴科技等争相进入“AI+医疗”领域。 二、人工智能在医疗领域的应用 人工智能与医疗结合应用的领域非常多,
AI医疗的切入点在哪？,https://api.zhihu.com/answers/2713333287,AIDD Pro,只有69%左右，但是可以说是开辟了AI医疗的先河。时至今日，Ai对医疗方面的应用，已经扩展到预防，康复,
AI与医疗应用场景概要,https://api.zhihu.com/articles/32374789,别拽我的红领巾,有近4成的消费者不愿意接受人工智能来看病，即使对人工智能+医疗相对宽容的用户，也仅愿意用人工智能进行常规指数监测、心率监测、健身监测等非治疗环节,
AI医疗产品的商业模式探索,https://api.zhihu.com/articles/560661590,Ryan Partners睿安咨询,随着越来越多AI医疗产品的面市，AI医疗产品的辅助诊断能力已经慢慢得到临床的认可，当然，目前AI医疗产品还不能替代医生,
AI取代放射科医生还需多久？,https://api.zhihu.com/articles/27964748,陈大强,从各巨头们纷纷入局智能医疗来看，医疗已经成为人工智能发展道路上的重要跳板。而AI与医疗来说最大的优势在于具有极强的数据信息抓取能力,
如何看待AI+医疗类项目的商业化前景？,https://api.zhihu.com/answers/2657039735,Ryan Partners睿安咨询,随着越来越多AI医疗产品的面市，AI医疗产品的辅助诊断能力已经慢慢得到临床的认可，当然，目前AI医疗产品还不能替代医生,
Amazon Bedrock：AI 医疗助手构建攻略,https://api.zhihu.com/articles/1930047734552958469,云云众生,Streamlit 应用程序 医疗保健 AI，简化 我们刚刚在几个小时内构建了一个复杂的 AI 医疗保健助手，而不是几个月,
AI+医疗新“势”力,https://api.zhihu.com/articles/78809732,<em>AI</em>报道,印度则将癌症筛查和治疗作为人工智能大规模靶向治疗的领域方向。企业也都在布局医疗人工智能领域。 目前，医疗人工智能领域最知名的就是IBM,
西门子医疗落子重庆江北，深耕西部“AI+医疗”本土化,https://api.zhihu.com/articles/1966061446564643860,颐通社,西门子医疗整合全球五大AI研发中心的技术积累与重庆本土医疗数据，聚焦医学影像数据处理、AI模型训练、临床转化三大技术瓶颈,
BAT抢滩AI医疗,https://api.zhihu.com/articles/94740679,知乎用户1ydUuw,腾讯宣布开放旗下首款AI+医疗产品腾讯觅影的AI辅诊引擎。官方称，这是国内首个开放的医疗AI引擎。 腾讯希望给医疗信息化厂商等机构“赋能”,
影像AI能取代医生吗？——请不要用“智能诊断”绑架“影像AI”,https://api.zhihu.com/articles/662373369,李善杰,不建议采用AI诊断；（5）对于肺结节的AI，要注意肺门区病变的再次观察；（6）对于肋骨骨折AI，要注意对于疼痛部位以及AI所提示骨折部位邻近肋骨的观察,
如何看待AI（人工智能机器人）取代眼科医生？,https://api.zhihu.com/answers/410277064,赵新华,"AI 取代眼科医生, 这个事情有三个问题. 1) 有效性问题, AI是否比眼科医生有更高概率的正确诊断率",
AI医疗行业进阶知识,https://api.zhihu.com/articles/407086858,星生 甲匠科技,行动环节与机械技术、控制技术、感知技术等密切相关。 （四）AI医疗产业生态 人工智能+医疗健康产业生态人工智能+医疗健康产业生态总体可以分为三部分,
AI是否能在未来取代社区医生？,https://api.zhihu.com/answers/2819032211,TaskIn创业笔记,而且没有太多专业医疗设备的情况下，和ai对比唯一的优势也不存在了，目前这些社区医生唯一的优势就是利用仪器设备获得ai无法获取的数据,
AI医疗领域业界现状，下一个风口是什么？,https://api.zhihu.com/articles/1964996315458045902,日常科技狂,深有感触，分享给大家。 AI医疗 ≠ 智能诊断 很多人一提到AI医疗，第一反应是“AI能不能替代医生做诊断”,
为什么现在 AI 已经没啥热度了？,https://api.zhihu.com/answers/28122731604,落瑛局,我从事了三年的影像AI行业，它属于医疗AI领域最成熟的一块蛋糕了。 医疗B端客户分为非公和公立。非公这边,
AI医疗方向的计算机博士值得读吗？,https://api.zhihu.com/answers/3320304518,HOPE,我们组就是搞AI医疗，目前从我们组今年找工作的情况来看，确实有些难。工业界里搞医疗的组要么被砍了，剩下的基本没坑不招人了,
现阶段 AI 医疗落地面临的最大瓶颈，是技术、数据还是商业模式？,https://api.zhihu.com/answers/1973348333998331545,余生,使用成本并不高，能够较好的维持利润。AI医疗就不一样，没有通用价格 实际上AI定制模型是可以做的，例如针对不同疾病设计,
AI在医疗领域可以替代人类吗？,https://api.zhihu.com/answers/115461754738,gcd0318,凑巧在医疗AI 厂商干过，产品在国内外都拿过注册证，都是可以卖的，但是医院没兴趣，道理很简单，我产品的准确率98%,
如何看待浙大一院发布准确率高达95%的病理AI大模型Omnipt？将对医疗行业带来哪些影响呢？,https://api.zhihu.com/answers/101229891303,囚徒,看了一下，还是挺感兴趣的，强答一下。 病理AI算是AI医疗里很有前景的一个方向，如果真能做到像新闻里说的“3秒锁定癌症病灶,
大家怎么看待AI医疗这个行业呢？,https://api.zhihu.com/answers/1003294647,创投刘兴宇,基本上是因为他们本身产品还不错，加上了ai的功能，是一个不错的营销点。 如果一头想要扑进AI领域，AI医疗不应该是你的第一选择,
东软集团发力“AI+医疗”！引领落地到深根,https://api.zhihu.com/articles/1959958530850264698,颐通社,针对性构建了解决方案——添翼2.0，破解AI+医疗落地困局。 ▍三大突破，构建AI+医疗基础设施 添翼2.0作为融合AI技术、数据治理、业务流程、组织管理的一体化解决方案,
AI与医疗跨界融合！腾讯百度开始抢人！AI医疗快来了吗？,https://api.zhihu.com/articles/33187257,量子金服,2018年1月20日，百度和腾讯相继揽入世界顶尖级医疗AI科学家：医疗AI科学家郑冶枫博士加盟腾讯优图实验室；美国堪萨斯大学电子工程和计算机系正教授浣军加盟百度,
AI医疗：助力医疗水平提升,https://api.zhihu.com/articles/360820950,FedAI联邦学习,将在很大程度上提高当前医疗行业水平。 但AI+医疗却也面临着重大的挑战。由于医疗工作的特殊性，患者的个人隐私保护显得尤为重要,
AI医疗重上风口，AI医疗独角兽们的美好时代到了？,https://api.zhihu.com/articles/341725426,野豹财经,来自市场竞争、技术应用等方面的问题，也在对AI企业提出新的考验。 医疗AI重返风口 国内AI医疗行业的发展，可谓是一波三折,
AI医疗行业的攻坚与未来,https://api.zhihu.com/articles/482807005,亲临天下手握星河,目前，AI在医疗行业的应用仍处于初级阶段，“AI”、“医疗”关键词背后的IT领域和医疗领域这两个交叉学科未来还将会在方方面面进行融合,
人工智能会不会代替医生？,https://api.zhihu.com/answers/4274563487,噬菌体,其实感觉在科室蹲过，就知道绝大部分医生都可以被替代。不仅如此，别说AI，稍微上点管理，医院的通量和质量都会上去。有些人说什么合作啥的觉得取代不了可能是无知,
审批加速！AI医疗迎商业化元年，AI医疗第一股也要来了,https://api.zhihu.com/articles/390078222,知乎用户9opYLc,随着产品商业化的临近，科亚医疗、鹰瞳医疗、推想医疗等多家AI医疗器械公司也开始了冲刺IPO，国内AI医疗赛道首家上市公司或即将诞生,
百度AI医疗的平谷故事,https://api.zhihu.com/articles/102107063,雷峰网,而百度希望用认知类的AI能力来切入医疗。 AI能力有两类：感知类的AI能力（听、看）和认知类的AI能力（思考）,
研究生选方向（粗方向是AI+医疗），细分方向建议选哪个？,https://api.zhihu.com/answers/3526501988,知乎用户r0wq99,劝退 行业从业者告诉你都是坑 因为市场体量太小了 手术机器人一年全国采购量能有10个亿都不错了 10个亿都给一家公司,
《2018-2019 中国 AI 医疗发展及趋势研究报告》：AI 医疗百亿市场都有哪些机会？,https://api.zhihu.com/articles/62742296,IT桔子,热潮中最火热的应用领域之一。从投融资角度观察我国 AI 医疗行业，可以看到 AI 医疗如同人工智能整体行业走势相类似，无论是在数量上还是在金额上的趋势整体均呈上升的趋势,
DNSPod十问沈春华：AI即将取代400万在岗医生？,https://api.zhihu.com/articles/548078351,DNSPod,刷脸支付AI AI人脸年龄变换 02 赵九州：AI 的大风已经刮了很多年，不仅催生了“AI 四小龙”,
哈佛医学院 AI 聊天机器人登上 Nature，AI 将会如何改变医疗行业？,https://api.zhihu.com/answers/1950308286797706471,过河卒算法备案,创新型送餐机器人“小黄蜂”在机场提供送餐服务，显示AI在日常生活中的实用性。 AI审稿创新：西湖大学开发的AI系统能快速模拟人类专家思考链，为论文审核提供分钟级反馈。 前谷歌X团队创立AI电影制作公司：该团队利用AI技术定位戛纳电影节，首次将人工智能应用于电影制作，已获得超过1亿美元的预售资金,
智能医生,https://www.zhihu.com/question/1677043672125018112,nan,穿成兽人世界的肛肠科专科医生后，我的三观和我一起裂开了……更要命的是，我成了兽人世界唯一的纯血人类，而我伪装的智能机器人医生身份却要和各种高等兽人打交道。当白发狼耳的警官摸着我的脸，冷淡的眼眸晦暗不明，他说：「你觉得我好看吗？」我瑟瑟发抖，努力平稳着嗓音道：「我觉得挺好看的,
24小时在线的“智能医生”,https://api.zhihu.com/articles/1918023143601185457,东方电气,就像给汽轮机的控制系统配上了24小时值班的“智能医生”，让设备自己“体检”。 这一基于人工智能与物联网技术的工业级智能解决方案，通过全时数据感知、智能故障预警与精准运维决策,
清华首个AI医院小镇来了！AI医生自进化击败人类专家，数天诊完1万名患者,https://api.zhihu.com/articles/696765710,新智元,因此需要一系列医疗专业智能体工作。 研究人员设计了，14名医生和4名护士。 医生智能体被设计来诊断疾病并制定详细的治疗计划,
AI超级医生会出现吗？,https://api.zhihu.com/answers/2840235393,左手<em>医生</em>,AI智能医生的打造，目前在逐渐升级，例如左手医生的AI智能医生，近几年经历了两个阶段。 第一个阶段是达到知识图谱驱动,
智能全科医生中国专家共识,https://www.zhihu.com/kvip/sku/paper/1846516993353736192,nan,"人工智能大语言模型等新技术的飞速发展给医学临床实践带来了新的变革。国内外已开始了智能全科医生系统的研究及实践探索,但尚未形成共识。在此背景下,清华大学万科公共卫生与健康学院、北京大学公共卫生学院联合中",
未来AI医生会不会被大家普遍接受？,https://api.zhihu.com/answers/2845623999,拉尼亚凯亚,随着AI技术的进步，AI的准确率会超过医生，尤其是看片子、开处方的医生，靠经验，说白了就是统计学，AI完全可以取代,
人工智能医生会取代医生的工作吗？,https://api.zhihu.com/answers/2971123956,臭臭林<em>医生</em>,Chatgpt如何毁灭医生！哪个科的医生会先消失？,
医生究竟会不会被AI替代？,https://api.zhihu.com/answers/3391202349,李想AI编程,这些方面是人工智能难以企及的。因此，在未来相当长的时间内，医生不会被人工智能取代，而是与人工智能共同发展，为人类健康事业作出更大的贡献,
人工智能医生会取代医生的工作吗？,https://api.zhihu.com/answers/151184678,闫依森,医学的发展一直是要依赖科技的发展，不过人工智能是否能取代医生，我觉得作为口腔医生我不担心这个问题。 其它科的我不敢说,
人工智能应用于医疗领域，你有哪些期待？AI 将为医学带来哪些想象？,https://api.zhihu.com/answers/1981143781161059212,郑建光,在虚拟医院中生成海量患者智能体，训练医生智能体不断进化。目前已上线21个科室42位AI医生，在美国医师执照考试中准确率达96%——这是目前公开发表的最高成绩,
医生究竟会不会被AI替代？,https://api.zhihu.com/answers/3380680514,隐居90后,用药物治疗，人工智能可以替代，而且替代得更好。操作性，可以，但是特别难，如果操作性也可以被人工智能替代，那么就像电影机械公敌里的,
人工智能会不会代替医生？,https://api.zhihu.com/answers/2490811702,赵泠,人工智能可以代替一部分医生，与其余医生更好地合作。 当前的人工智能可以在医院的行政、资源优化、临床工作流程优化、制图、消毒、诊断、图像分析、决策支持、个体化和远程医疗解决方案等领域发挥作用,
人工智能会不会代替医生？,https://api.zhihu.com/answers/2961201553,庄有猫,AI 会不会取代医生？ 最近网上有一个帖子传得比较多，关于未来几年内人工智能会取代医生的，还说首当其冲的就是影像科医生,
智能医生,https://api.zhihu.com/articles/32555898,知了,可能大家都会遇到这种难题。 现在国家大力倡导智能养老，孝心守护同盟应运而生，它主要是通过一种智能检测设备，让家人在家里就能检测血压、血糖、心率心电、尿常规和血常规,
人工智能在医疗领域的应用会完全取代医生吗？,https://api.zhihu.com/answers/14433860987,苏孟官,ai手术台能够24小时做手术，人办不到。在医疗领域里，可能两名麻醉医师与两名医生就能够同时进行4~5台手术。 而看病在中西医来说也是根据症状给结论,
影像科诊断医师在未来20-30年内会被人工智能取代吗？,https://api.zhihu.com/answers/115005627386,半旧青衫,时代抛弃你的时候连一个招呼都不打的，人工智能海量的影像病例，同时人工智能的学习能力和效率远高于人脑。影像扫描刚做完,
人工智能进入医疗行业，有多少好处?,https://api.zhihu.com/answers/4223274608,ryzhang,人工智能进入医疗行业最大的好处就是可以替代掉所有的内科医生 反正现在的内科医生也都是读指标按书开药方,
人工智能可以替代医生吗？,https://api.zhihu.com/answers/300874081,50 West,大部分医生的工作会被人工智能代替，最早的应该是影像诊断包括病理，现在技术就已经达到机器比人做的既快又准。人工智能不可能也没有必要做到100%准确,
人工智能会不会代替医生？,https://api.zhihu.com/answers/2491259054,陈子杨Dr.outside,再回到问题，人工智能会不会代替医生？ 人工智能不仅能代替医生，甚至可以优于医生。 但各位医生不要操心，这东西用不到你们医院去,
医生究竟会不会被AI替代？,https://api.zhihu.com/answers/104628779719,医学狗,因为电话客服99%的任务是和人沟通交流，通过文字交流。 在医生领域，跟电话客服最接近的是门诊医生。 本质上门诊医生做的事情就是通过症状套取更多症状,
医生究竟会不会被AI替代？,https://api.zhihu.com/answers/112785290443,hamc胜,未来的医卫领域，必然是防大于治，医生要当好每个人健康的吹哨人。 而个人的健康指标，来源于智能手环手表及其他随身设备的不间断监测,
AI 夺走影像科医生工作？不，他们反而更忙了,https://api.zhihu.com/articles/1954851405136393535,段小草,无法完全取代医生的根本原因。 最终如果影像科医生犯了错误，他们会被起诉。如果 AI 取代了影像科医生，那么每次,
有智能医学工程毕业的学长吗？现在都发展的什么情况？,https://api.zhihu.com/answers/1908991893146165812,知乎用户444HBL,这个专业的主要目的是将人工智能技术应用于医药行业的方方面，比如医疗机器人、智能治疗法、智能影像识别、智能健康管理、医学信息系统开发、医学大数据分析等,
如果有一天，医院里所有的医护人员都改由人工智能机器人来担任了，会发生什么事？,https://api.zhihu.com/answers/1974242320439324752,人间富贵菜,在人类灭绝之前，都不会有这一天。 虽然我是研究人工智能和介入机器人的，我也希望自己倾注最好年华的方向和专业是正确的,
就读智能医学工程专业有怎样的一番体验？,https://api.zhihu.com/answers/2888690245,一寸灰,虽然岗位少，但是也是有岗位可以报的，智能医学工程属于医学技术类，单独招智能医学专业的岗位是不可能有的，只能靠大类试试,
有智能医学工程毕业的学长吗？现在都发展的什么情况？,https://api.zhihu.com/answers/3534355072,张旦,既然你还在上本科，那就还来得及。 本人智能医学工程研究生，毕业于24年软科评分（A+ 第一）的学校。硕士研究的方向五花八门,
有智能医学工程毕业的学长吗？现在都发展的什么情况？,https://api.zhihu.com/answers/117997243546,陈胜吴广,智能医学工程，和智能土木、智能机械、智能制造、智能建筑、智能采矿一样，高校把以前不好就业不好招生的专业改头换面一下,
人工智能会让医生失业吗？,https://api.zhihu.com/answers/1970780752368082981,梅香寒,在可预见的未来内，人工智能不可能让医生失业。 举个最简单的例子： 就算现在人工智能，真的具备了独立进行手术的技术能力,
如何看待智能医学工程专业及其就业前景？,https://api.zhihu.com/answers/118002263024,陈胜吴广,智能医学工程，和智能土木、智能机械、智能制造、智能建筑、智能采矿一样，高校把以前不好就业不好招生的专业改头换面一下,
人工智能医生会取代医生的工作吗？,https://api.zhihu.com/answers/1112709047,gkbeing,只是不了解这些技术医生被了解这些技术医生淘汰了。毕竟机器人不能对患者负责，而负责的是医生,
用人工智能逐渐代替门诊医生是否有可行性？,https://api.zhihu.com/answers/151454970,马汉东,各类新兴的人工智能创业公司也好（非常不幸，我们也是其中之一），最终的目的无非是实现用人工智能取代医生。当然，为了考虑大众和医生群体的看法,
智能医疗机器人会替代医生的工作吗？,https://api.zhihu.com/answers/314478348,蒋竺波,我就是做医疗AI的，替代是很难的，人工智能➕医疗无非是提高医生的工作效率，类似于医生得力助手之类，因为一个人的病存在大量的可能性,
人工智能在医疗领域的应用会完全取代医生吗？,https://api.zhihu.com/answers/4681939027,亚创科技,不会的，人工智能会协助医生处理部分工作，增加工作效率，部分工作还是需要医生去完成。 并且人工智能涉及到的伦理、安全等问题还需要进一步优化和被接受,
医生这个职业未来有可能会被人工智能替代吗？,https://api.zhihu.com/answers/713170950,Equity,开药到最终的治愈，都需要医生的参与。人工智能（AI）能够代替的领域，至多是“诊断病情”这一个项目上，为医生提供比人工诊断更加准确和快速的结论,
AI医疗推广后，医生这个职业是否会重新洗牌？,https://api.zhihu.com/answers/125062448823,行多久方为执着,Ai出不出来也一样会被淘汰而被洗牌。 只有当人工智能能独立完成诊疗，特别是手术，医生才会完全洗牌，新医生只需要人文关怀即可,
当人工智能主导医疗，人类医生何去何从？,https://api.zhihu.com/answers/77874024183,哄哄,呵呵！在中国DRG环境下，如果真正AI取代医生治病，如果按AI行病人治疗，我就设想医院会不会赔的没影,
什么是 AI Agent（智能体）？,https://api.zhihu.com/answers/3625673581,梦蓝AI,以创造引人入胜的游戏体验。 还有智能办公、制造机器人、智能家具、智能交通指挥、智能医生等智能化应用场景，AI Agent（智能体）将深入各行各业,
未来医学影像医生会被AI取代吗？,https://api.zhihu.com/answers/1909902262345666936,懋式百科 李懋,理论上都有这个风险，不光是影像科医生。当然并不是说，我觉得短期内AI会取代影像科医生。 这是国外一些专家对AI是否会取代影像科医生的观点,
AI医生：智能医疗新纪元,https://api.zhihu.com/articles/694044376,AI自习室,**引言：** 随着科技的飞速发展，人工智能在医疗行业的应用已经成为推动该行业革新的重要力量。AI技术不仅能够提高诊断的准确率,
当人工智能主导医疗，人类医生何去何从？,https://api.zhihu.com/answers/94357186939,医学狗,人类医生会审核人工智能的医疗。 你真的能指望一个发展了4年还分不清9.11和9.9哪个大的玩意给病人治病,
考智能医学工程研究生必须是医学专业吗？,https://api.zhihu.com/answers/1068278078,努力奔跑的医学生,谢邀 智能医学工程是工学学位，具体看学校的招生要求。 我所了解到的智能医学工程本科专业主要课程：高等数学、离散数学、数据结构、计算机视觉与模式识别、Python语言程序设计、软件工程、,
医生和程序员谁会先被人工智能取代？,https://api.zhihu.com/answers/2360102638,非临床医学院学生,欧美的在线研究生硕士随便入学，半工半读随意。 医生有医师协会。你想成为一个医生，必须本科是临床医学或者口腔医学，错了就再也入不了行了,
随着人工智能医学的发展，传统医学书籍的阅读和学习模式会发生怎样的变化？,https://api.zhihu.com/answers/1981273697470928141,呜莎花园,破除旧知识束缚的能力极差。 当人工智能遇到逻辑推理结论与旧知识冲突的时候，就会陷入逻辑混乱，它们试图通过话术把错误的知识和逻辑推演结果缝合起来。 医学知识大量来自于实践、临床观察和统计学结果，是知识更新速度最快的领域之一。所以，人工智能辅助医学学习也是风险最高的行业之一,
如果有智能家庭医生，你会用吗？,https://api.zhihu.com/answers/1049952355,末代猿,如有异常可提供专科医院预约挂号） 4：线上职业医生开具处方（给医生提供标准治疗方案参考）。 5：送药上门、就近药店取药,
人工智能会让医生失业吗？,https://api.zhihu.com/answers/3333976317,雨飞,其实AI已经渗透到了这个行业，而医生也可以借助这些工具来减轻自己的工作压力。 比如，医生可以使用网上智能问诊系统，针对病人的病情预先提出集中不同的方案,
人工智能进入医疗行业，有多少好处?,https://api.zhihu.com/answers/4253136885,绯村剑心,给出的治疗方案（药品或者其他治疗方法）仍然需要医生完成。 综上，人工智能并不能取代医生。其次任何新事物都有试错成本，这个成本谁来承担,
未来医生会不会被AI取代？,https://api.zhihu.com/answers/1888554267549364595,baigongzi,我觉得AI会是医疗好的辅助工具，可以替代网上咨询，全面替代医生还不是短期内的事情，至少无人驾驶实现，能洗衣做饭的机器人实现以后的事情了,
医生究竟会不会被AI替代？,https://api.zhihu.com/answers/3405909369,洪健,请问这些人工智能不会吗？而且人工智能他回答的比医生更有耐心，准确率更高，完全可以取代这些传统医生。,
AI 医疗时代，基层医生如何应对智能诊断辅助系统的挑战？,https://api.zhihu.com/answers/1951232830211339488,该怎么说呢,ai这个只能作为辅助手段，医生这个职业还是需要专业锻炼的，靠大数据只能减轻医生的工作强度，而不是替代医生，这种自媒体都是唯恐天下不乱,
人工智能会不会代替医生？,https://api.zhihu.com/answers/2181416928,肖康平,机器人取代医生，那就医保，医院，患者都赢的局面呀，妙呀。 你说医生干嘛去了，以后那还有医生呀，都是机器人嘛,
将来医院哪个科室医生最容易/不容易被人工智能取代？,https://api.zhihu.com/answers/537426704,美食答主王大厨,大量工作是对图形进行分析的科室，很有可能会使用人工智能取代大部分人工分析报告。,
当人工智能主导医疗，人类医生何去何从？,https://api.zhihu.com/answers/1888909960269780126,chijiange,一部分医生会失业，但首先要解决医疗的法律责任问题，在没有解决法律问题前人工智能还不能取代医生只是医生的辅助工具,
如何看待医学智能对临床医生就业的影响？,https://api.zhihu.com/answers/495130798,刘老师菜的一批,说白了，就是医学智能呗，机器来看病，调取病人样本库，根据千万数据和医学原理进行AI智能分析（可比某些老花眼天天领导饭局的xx主任医师强多了吧hhhhh）,
人工智能可以替代医生吗？,https://api.zhihu.com/answers/300064163,MALUKO,未来说不准，但是当人工智能都能替代医生了，其他行业大部分都会被其替代，而且会先于医生，医生可是人类十几年大学以上学习培养出来的,
智能医疗机器人会替代医生的工作吗？,https://api.zhihu.com/answers/2833333187,分享师夜风,如果有一天是人工智能机器人，在外面巡逻，来个居家隔离，如果你不听话，它就向你扫射咋办？人工智能会判断你是病毒传播者就会消灭你,
智能医学工程毕业生有哪些适合的就业岗位，以及中国目前的医学水平真的已经发展到需要人工智能了吗？,https://api.zhihu.com/answers/826177185,Jason金,最后是医疗方面的人工智能，我目前在做医学图像方面的深度学习研究，可以这么说就现在情况来看，人工智能并没有很好地提升医疗产业,
人工智能应不应该在医疗领域全面替代医生的诊断工作？,https://api.zhihu.com/answers/94609026754,Liston,每个环节都要用机器测，都要看数据，然后把各种数据综合起来，根据医生的经验做推测。这些工作，不是AI更拿手吗？先测，再跟大数据一对照,
人工智能可以替代医生吗？,https://api.zhihu.com/answers/301407117,Bryce,这个问题提的让我很悲观啊，人工智能替代医生的那天，我们人类也就是人工智能了吧，到时候让其它人工智能帮我们上上润滑油,
在当下医疗环境下，成为一名执业医师意味着什么？,https://api.zhihu.com/answers/1963555178713159323,Nothing,会和同事们一起失业， 被人工智能所取代。 意味着：肉身的医务人员辛辛苦苦的求学数年，抵不过人工智能机器人瞬间的知识拷贝,
就读智能医学工程专业有怎样的一番体验？,https://api.zhihu.com/answers/1539377293,adrian,基本上都是医生半路自学编程。比如说研发一个手术机器人，医生很难跟工程师程序员解释医学常识，同样医生也不会理解专业术语,
读智能医学工程专业是一个好的选择吗？,https://api.zhihu.com/answers/3365181639,Dr.deng,看自己的实力吧。如果实力够强，那就是非常好的选择，因为这个专业是电子信息类，不算天坑，交叉学科可能也是未来的发展趋势,
我建了一个家庭医生智能体，效果还不错！,https://api.zhihu.com/articles/9311439046,中场休息,于是我借助强大的AI能力，打算开发一名智能全科医生智能体，以下记录了整个基于ChatGPT的智能体创建的完整过程。 结尾附上已发布可用的基于文心大模型的智能体,
"人工智能医院预计年底前上线, Ai医生是否值得信任，又会对哪些方面影响?",https://api.zhihu.com/answers/45192898587,80不惑,AI医生是指利用人工智能技术在医疗领域中进行诊断、治疗和辅助决策等工作的虚拟医生。它通过分析海量的医学数据、学习临床经验和知识,
市面上有没有人工智能的医疗APP？,https://api.zhihu.com/answers/2825890779,陆玖传媒,对于社会提高了对普通人的疾病预防等知识的普及。 左手医生 左手医生 （智能采集用户病情信息） 左手医生 左手医生 （诊断结果与疾病建,
如果未来能依靠 AI 医生看病，大家会更信任 AI 还是真人医生？,https://api.zhihu.com/answers/1956730870992991183,周芸名,那不可能超过人类的智慧，何况现在总能发现人工智能乱说话。机器的冰冷还是让我觉得医生靠谱。虽然说医生也有可能弄错，那也是小概率的问题,
医生会被AI取代吗？,https://api.zhihu.com/answers/62801909012,门迭塔,李开复的《人工智能》里说过，美国做实验用人工智能给患者做诊断，诊断的正确率是百分之八十多，远高于人类医生,
现在什么职业最容易被人工智能取代？,https://api.zhihu.com/answers/3572583454,Afterwards,绘图师/文字编辑/视频制作也是被同类人工智能取代最快的工种。 所以我来唱一个反调——最难被人工智能取代的职业，最容易被人工智能取代。 有些工种门槛非常高,
真正的智能医疗有多远？适合开设大学专业吗？,https://api.zhihu.com/answers/1918706344694906984,知乎用户6i4vqo,专家们头脑里的新技术，没有发表，是智能系统中没有的。使用智能医疗并不难，但起马要具备主治医生的水平，外行是不能使用的,
为什么医生在未来很长时间内都不会被人工智能所取代？,https://api.zhihu.com/answers/1084426721,一然,我如果被确诊新冠肺炎，上吐下泻，高热不退，呼吸急促。人工智能可以做出明确的判断，但是没有特效药，只能建议我服用看上去有效的药物,
医学影像结合人工智能对临床的意义有多大?,https://api.zhihu.com/answers/3135250895,白口蘑煸摇香菇,那么请你们谈谈，你们给和互联网产业同级别同样人工智能track的开的工资能不能对标。差了不止一截吧？这还有脸说自己的行业有意义忽悠新人入坑吗,
人工智能会让医生失业吗？,https://api.zhihu.com/answers/3366678901,简枫,不会。 人工智能会降低医生这个行业的职业门槛，但不会让医生失业。 医生其实很多时候不止是看病救人，还得给病人提供某种程度的情绪价值,
DeepSeek 会让医生失业吗？,https://api.zhihu.com/answers/94726741709,诡医战魂,让中医顶尖群体无法失业。 医生群体是百分百冲击最大的。 你说的这，我查了下，应该说的是人工智能诊断治疗。 人工智能的首要前提,
将来医院哪个科室医生最容易/不容易被人工智能取代？,https://api.zhihu.com/answers/542866106,遛狗人,只有利益相关才保险 3. 医务科 挣着医生挣来的奖金，帮着医闹欺负医生的重要机构，人工智能都看不下去的。 这仨都不会被取代,
就读智能医学工程专业有怎样的一番体验？,https://api.zhihu.com/answers/2546922307,雀食你是对的,这个专业本科毕业没法找到对口就业岗位，想要从事相关研发至少要硕士毕业，而现状是开设了智能医学工程硕士点的学校屈指可数，进入这个专业就要面对狼多肉少的局面,
大佬们，智能医学工程和生物医学工程区别在哪？,https://api.zhihu.com/answers/3507435280,三角猫,两个专业未来考研方向主要都还是生物医学工程的相关方向，“智能医学工程”感觉更强调“智能”，也就是各种信息化、人工智能技术在医学领域的应用,
我是2023年考生报的智能医学工程专业，我看好多人都在劝退，我想知道这个专业到底可不可以？求解 ?,https://api.zhihu.com/answers/3154745661,长风片片,天坑专业 其实就是生物医学工程 啥都学一点 但是都学不精 无论进医院还是企业都更加倾向计算机专业的学生,
为什么越来越多的人都不想当医生了？甚至想弃医转行?,https://api.zhihu.com/answers/3603110919,Clowder,1chs2.0上线，不知道她的裤衩子还能缝几次。（医生现在看病真的很很很不容易。。真的最底层了！,
就读智能医学工程专业有怎样的一番体验？,https://api.zhihu.com/answers/1391019154,云淡风轻,这个专业是可以授予医学和工学学位，医学是基础医学学位，所以出来无法当医生。 专业偏工程，和生物医学工程差不多可以说是生物医学工程的一个方向,
如果有一天，医院里所有的医护人员都改由人工智能机器人来担任了，会发生什么事？,https://api.zhihu.com/answers/1060983286,温暖的猫熊,患者:智能医生 智能医生:你好，主人？请问你需要什么服务？需要止痛请直接说，我要止痛！ 患者:我要出院,
人工智能如何辅助医生诊疗患者，都有哪些实际应用？,https://api.zhihu.com/answers/2821980009,陆玖传媒,直接影响随访的效果。 左手医生智能随访管理基于知识图谱、深度学习、智能交互等自然语言处理技术构建的人工智能随访助手，帮助医生更加智能和高效地对符合精准条件的患者进行批量自动化随访,
AI医生到底能不能替代真人医生?,https://api.zhihu.com/answers/1973509199276302815,想得太多,欢迎讨论 中医讲究望闻问切，ai医生如果需要准确的结果的话就像新手医生一样为了不犯错，做各种抽血体检，拍片,
DeepSeek 会让医生失业吗？,https://api.zhihu.com/answers/130490175096,带预言家含辛,其实我一直觉得，一个带视觉传感器的智能音箱类产品作为家庭医生应该是很有市场的，平时有个头疼脑热的直接问音箱,
AI 医疗前景广阔，但真能不信医生信 AI？，你有何看法？,https://api.zhihu.com/answers/1956019116180759208,北京香山智库,AI医生，公益使用，免费使用阶段 ，希望为大家带来帮助 我们科研团队在和医院合作做ResearchFish医学助手大模型（查查鱼）,
2025年最新盘点！9个国产AI医疗大模型,https://api.zhihu.com/articles/19999475418,知乎用户nvmnFz,模型提供多个AI医疗服务。例如在智能医生模块，左医GPT能够模拟医生与患者的对话，提供初步的诊断建议,
为什么很多律师不承认法律是受人工智能影响最大的行业之一？,https://api.zhihu.com/answers/3548545869,诗与星空,尤其能帮助到经验相对欠缺的低年资医生。” 2015年，浙大二院率先引进AI智能读片系统，之前一个医生平均每天看53个患者的胸部CT片子,
城乡医疗差距缩小中：智能中医为基层带来实实在在的变化,https://api.zhihu.com/articles/1978125353420607850,智医观察局,越来越多基层医生表示： “不是我们能力突然变强了，是有了能帮我们的工具。” 智能中医不是替代医生，而是让每一位基层医生都有机会做得更准、更稳、更专业,
医生这个职业未来有可能会被人工智能替代吗？,https://api.zhihu.com/answers/714310305,Techsoho,“人们倾向于认为人工智能将不会威胁主治医生角色的传统工作，”她说，“医生们似乎认为，如果人工智能能够维护或增强而不是削弱他们所做的工作,
未来医生会不会被AI取代？,https://api.zhihu.com/answers/1888642201124337150,Pony,短期几年内肯定是不会的，AI还是有很多的局限性，不过AI可以辅助医生是明确的。 就像AI擅长的编程领域，短期都取代不了程序员,
现在从事哪些行业，二十年后才不会被人工智能取代？,https://api.zhihu.com/answers/3470982624,简枫,我更想要的是专业的、真实的医生给的诊断方案。说白了，还是对这个 AI 诊断不信任。 不过，AI 在智能医疗领域的辅助作用还是不容忽视的,
大家对于智能医疗有些什么认识？又怎么看待智能医疗未来的发展趋势？,https://api.zhihu.com/answers/506797279,探码科技,在中国新医改的大背景下，智能医疗将快步走进寻常百姓的生活。 从以上对智能医疗的解释不难看出，智能医疗的优势如下,
人工智能是否会取代医生？,https://api.zhihu.com/answers/498769180,知乎用户zKk5cV,临床诊断和病理医生的工作是典型的模式识别，所以最容易被取代，实际上某种程度也正在被替代；手术医生复杂一些，但是随着AI机器人系统的进步,
将来医院哪个科室医生最容易/不容易被人工智能取代？,https://api.zhihu.com/answers/2502962849,王圆脸,我曾经问我师哥：心电图就那么几个导联，ai取代心电图医师岂不是轻轻松松？ 我师哥淡淡说道：心电图那低到发指的利润空间还是雇真人更合适,
如何看待智能医学工程专业及其就业前景？,https://api.zhihu.com/answers/779371899,木子诺,该专业是一门将人工智能、传感技术等高科技手段综合运用于医学领域的新兴交叉学科专业，其研究内容包括智能药物研发、医疗机器人、智能诊疗、智能影像识别、智能健康数据管理等。 在医疗体制改革的大背景下,
现在的医生没有仪器还会看病吗？,https://api.zhihu.com/answers/2845955422,孙悦礼,如果认为医生依靠仪器才能诊断和治疗，没有仪器医生就无法诊断无法治疗的话，那么医生这个职业就可以被人工智能和机器人取代了。 不得不承认,
天津大学智能医学工程如何？,https://api.zhihu.com/answers/1444505769,呼延,医学部主打的招牌。来智能医学工程专业，“医”起拥抱未来！ 前景挺好的，考研主要就是往生物医学工程和智能医学工程等方向考,
智能全科医生中国专家共识,https://api.zhihu.com/articles/18983285415,哦哟喂,"北京大学公共卫生学院,中国医师协会全科医师分会. 智能全科医生中国专家共识[J]. 中国全科医学, 2025, 28%2802%29: 135-142.（点击获取原文） 人工智能 大语言模型（LLM）等新技术的飞速发展给医学临床实践带来了新的变革。国内外已开始了智能全科医生（AIGP）系统的研究及实践探索",
智能医疗的优势体现在哪里？,https://api.zhihu.com/answers/2838079113,快联AI购,可以帮助医生进行病灶区域定位，减少漏诊误诊问题。 2、缓解医生资源 智能医疗解决未来医护人员稀缺的问题,
医共体基层 AI 智能体：让基层医生有了 “超级大脑”,https://api.zhihu.com/articles/1980304161183643441,basu,让全县的医疗数据共同训练模型，越用越智能。 诊疗过程中，AI 智能体的 “实时辅助” 技术最实用。医生问诊时，语音转文字技术能自动记录病历,
人工智能可以替代医生吗？,https://api.zhihu.com/answers/302343982,Phoenix,现状：不能取代医生，可以辅助医生。 未来：说不准，人工智能想要完全替代医生，必须达到精准医疗，则必然经历一个从外到内的探索过程,
多家医院引入智能辅助系统，临床准确率与效率同步提升,https://api.zhihu.com/articles/1976721812256728956,前沿科健情报站,多家医院陆续引入包括 智能诊前评估、结构化问诊、智能影像辅助、AI中医舌象分析 在内的一系列智能工具，使临床诊断的准确率与效率实现同步提升,
如果有一天，医院里所有的医护人员都改由人工智能机器人来担任了，会发生什么事？,https://api.zhihu.com/answers/1056511281,史宇航,2017年国务院发布的《新一代人工智能发展规划》： 智能医疗。推广应用人工智能治疗新模式新手段，建立快速精准的智能医疗体系。探索智慧医院建设,
未来医生会不会被AI取代？,https://api.zhihu.com/answers/1888593816413509034,浮生若梦,与我无关。 情景4 医生:有吸烟史吗？ 患者:没有 医生:以前抽过烟吗？ 患者:抽一点 医生:上次抽烟什么时候,
医生会被人工智能取代吗？,https://api.zhihu.com/answers/214551541,海东青,比起人工智能，医生更有可能被纳米机器人取代 或者说纳米机器人会把医生和医用人工智能双双取代 将来可能会有这种情况,
人工智能机器人是否完全能代替医生做手术？,https://api.zhihu.com/answers/173797501,易锐,我觉得人工智能代替医生做手术，很长一段时间内都不可实现，要实现他不是不可能，而是那不仅仅是人工智能领域的进步,
医生会被人工智能取代吗？,https://api.zhihu.com/answers/739358303,相当皮,所以，人工智能就不能完全替代医生。 当然我是愿意早点普及人工智能，最好能取代医生，愿医生早日脱离苦海,
医学影像结合人工智能对临床的意义有多大?,https://api.zhihu.com/answers/2690577625,北欧跑跑哥,所以可解释性提高透明也许可行，但是让医生和病人产生对算法的信任就是胡说八道呢。 3 AI诊断智能作为辅助，不能替代医生实现自动化,
未来智能医疗行业的前景如何？,https://api.zhihu.com/answers/536057104,中商产业研究院,第一，用人工智能的“医生”补充人类医护人员，以解决未来医护人员稀缺的问题；第二，用人工智能提高药物挖掘的效率,
大佬们，智能医学工程和生物医学工程区别在哪？,https://api.zhihu.com/answers/3506720409,Diazepam,课程 智能医学工程专业课程侧重在计算机方面，会学Python等计算机技术、人工智能技术、智能诊疗方面,
人工智能会让医生失业吗？,https://api.zhihu.com/answers/3326669841,疯狂唐老鸭,只能说，看时间长度。 在大尺度的时间李，一切皆有可能。 在肉眼可见的未来，只能说：”不会“，科技已被锁住,
未来30年，医生这个职业将如何演化？,https://api.zhihu.com/answers/1913170052850615933,薛定谔的貓,”一位心内科医生说。 “憋屈感”，在医生圈里越来越常见。 医生，不再是一类人 今天的医生群体，已经彻底分层了,
985的智能医学工程怎么样？读出来有出路吗？好就业吗？,https://api.zhihu.com/answers/2545898842,晓礼,其他专业是没有投递简历资格的的。所以，您选专业要慎重。 第二，智能医学工程，是个新专业，开设的学校可能也不多，因而,
送医生苹果智能手表合适吗？,https://api.zhihu.com/answers/130798871544,写了遗书再找我,不合适，因为医生害怕苹果 【狗头】 因为有句话说：An apple a day keeps the doctor,
AI医生在三甲医院辅助诊疗，病情评估更快更准，3-5分钟给出诊断报告，AI未来会取代人类医生吗？,https://api.zhihu.com/answers/105135765305,初一,将进一步诊断、治疗方案等汇总成报告，提交到科室医生再发给科室医生二审 ↓ 二审通过，科室医生签字 或者不通过，交由科室医生面诊 ai可以同时问询极大数量的患者,
"人工智能医院预计年底前上线, Ai医生是否值得信任，又会对哪些方面影响?",https://api.zhihu.com/answers/61970845623,医联健康,而不太明确的或者需要做检查的，是需要医生判断的，所以未来医生有线上真人医生问诊。 这点在现阶段是这样的，未来会不会有大的突破,
未来的医疗，是Ai医生，还是医生的Ai?,https://api.zhihu.com/answers/3401467055,西山峰峦,应该还是需要医生+一个AI助手，这时，AI助手通过大数据、人工智能分析等能力，辅助真人医生。 那么具体场景可能是这样,
人工智能在医疗方面的优势有哪些？,https://api.zhihu.com/answers/2843851441,虚拟人生,这是全球最热门的领域，大家都看过医生，或许多少知道一些医生如何看病！，从图像设别，辅助诊断（说实话比人工诊断准确率高）,
探讨AI在医疗领域的作用，人工智能与医生：合作还是替代？,https://api.zhihu.com/answers/1975230007858181897,芳华智慧医疗,我的答案很明确：不会。但它会彻底重塑“医生”这个角色的定义，让好医生变得更强。 1. AI是“超级助理”,
DeepSeek拿下1569万医院大单，医生要被AI替代了？,https://api.zhihu.com/articles/1921912794099483488,多恩AI,再聪明，也不能替代医生和患者之间的情感交流。 不过确实会改变医生的工作方式。 以后的医生，不会用 AI 的可能真的会被淘汰,
人工智能进入医疗行业，有多少好处?,https://api.zhihu.com/answers/3371636856,楚欣怡,还可以通过计算机模拟预测药物活性、安全性和副作用 智能诊疗让计算机学习专业的医疗知识，模拟医生的思维，从而给出诊断和治疗方案。帮助医生快速阅读病历、影像等资料进行诊断更精准的提供治疗建议,
未来医生真的会被AI取代吗？那还有没有学医的必要？,https://api.zhihu.com/answers/597523247,中庸,所以答案是完全不可能。 当然，用人工智能辅助医生看病绝对是一个降低误诊率的好办法，但前提是医生足够负责，只是用数据来辅助自己的判断而不是全都扔给AI去处理,
医生和程序员谁会先被人工智能取代？,https://api.zhihu.com/answers/2372365458,AIOC认证,人工智能不会替代医生，但懂人工智能的医生可能会替代不懂人工智能的医生。未来人工智能的应用将贯穿于整个临床工作流,
医生和程序员谁会先被人工智能取代？,https://api.zhihu.com/answers/2378871813,正经程序员,然后根据病症给出相应的结果。 这活太适合人工智能干了，还不怕医闹。 只要数据量大，终有一天会人工智能取代。,
将来医院哪个科室医生最容易/不容易被人工智能取代？,https://api.zhihu.com/answers/538969532,Bilitis,放射科，病理科等等，基层医生可能不需要那么多，专家会比较缺。现在像CT智能读片，病理切片分析都有在做,
2025，AI医疗：从科幻到现实的“超能力医生”来了！,https://api.zhihu.com/articles/24325141289,人会做梦,DeepSeek大模型赋能基因测序，成本降低70% 2. 技术落地：AI医生的“超能力”实录 ① 影像诊断：火眼金睛，秒杀人类,
会看病历会思考，“人工智能医生”即将上岗？,https://api.zhihu.com/articles/57363976,天涯无上,给出治疗建议……这不是科幻，人工智能医疗正从前沿技术转变为现实应用，“人工智能医生”离患者越来越近。 英国帝国理工学院近日发布新闻公报说,
家用AI健康设备兴起：让每个家庭都拥有”随身医生”,https://api.zhihu.com/articles/1977102818923001233,峰哥说AI,家用 AI 健康设备正在成为千家万户的“随身医生”。 从智能手表、AI 中医体质检测，到家庭睡眠监测、趋势分析报告,
能不能用人工智能代替医生诊疗？,https://api.zhihu.com/answers/1853697474,飞云希望,可是这是普通人能享受到的吗？ 我倒是希望搞成人工智能医生根据患者描述开检查单，人工智能辅助读片，根据检查结果自动调取标准指南的方案、近期相似病例及处置方法和疗效,
人工智能如何辅助医生诊疗患者，都有哪些实际应用？,https://api.zhihu.com/answers/2768465658,张超,除以上功能外，左医「智能医助、智能在线问诊」产品还具备智能匹配回复话术、智能常用语、智能知识库、医生排班等功能,
人工智能技术的发展将如何影响医疗行业？,https://api.zhihu.com/answers/1964259635209958149,Wolfgang,OpenEvidence刚融资两亿美金，打造医生版ChatGPT 。AI首个颠覆的是医学信息服务，诊断和患者管理由于合规性要求,
人工智能能否最终取代超声医师，目前在超声图像获取、质控与解读的研究又达到了什么程度？,https://api.zhihu.com/answers/2931909740,AI实践者,虽然目前还没有完全取代超声医师的可能，但是人工智能技术在这方面的应用已经为医生们提供了更好的支持和资源。 二、人工智能在超声图像质控方面的应用,
智能医疗的主要应用场景,https://api.zhihu.com/articles/433812369,阿玲,智能医疗在全面推动医疗健康产业，疫情期间，智能医疗在人工智能领域被大程度上催生，加快了人工智能技术的进程，智能影像识别将病灶识别速度降至2～3秒,
人工智能和计算机视觉在医学方面可以有哪些比较靠谱的应用？比如用图像识别帮医生看片子？,https://api.zhihu.com/answers/114970794185,钱嘟嘟左卫门,应用上还是挺多的，比如可以帮助医生做医学图像分析、 不同医学影像的转换、影像报告生成等等，比如就有最近开源的医学视觉大模型,
医生会被人工智能取代吗？,https://api.zhihu.com/answers/1166367149,土豆变成泥,人工智能势必会取代某些职业，比如流水线工人、出租车司机等等； 人工智能也会创造出一些岗位，当没有了出租车司机的时候,
人工智能时代正畸还值得学吗？,https://api.zhihu.com/answers/3089901599,Edwin,前两年自己也参与了一些矫治器人工智能方面的保密测试，本质上就是在取代医生上游环节的低级劳动力。 正畸医生会不会被人工智能取代，其实间接来说是会的,
未来智能医疗行业的前景如何？,https://api.zhihu.com/answers/2528592061,灵集科技,谈及智慧运维的下一阶段目标，柴建军提出智能运维的概念。他表示，智能运维将是未来医院信息化建设的一个方向。“智能运维就是在智慧运维的基础上,
医学影像结合人工智能对临床的意义有多大?,https://api.zhihu.com/answers/3199095337,阿里巴巴达摩院,我国医学影像数据量每年增长约30%，而放射科医师年增长率仅为4%，放射科医师的数量增长远远不及影像数据的增长。 放射科医生的缺口很大，由此带来的问题是,
DeepSeek 会让医生失业吗？,https://api.zhihu.com/answers/1978288901211837189,大家一起编故事,我最喜欢用deepseek的病人了， 病人：医生，我在deepseek/豆包/抖音上看到我的病应该这样治,
智能手表的健康监测功能，真的能帮我更好地管理身体吗？,https://api.zhihu.com/answers/1980577669474168833,蒋虏光,智能手表只会一直提醒你你可能有病，久而久之，没病也会有病。,
如果有智能家庭医生，你会用吗？,https://api.zhihu.com/answers/743601193,微尘,是一个很好的方向，有不少公司在做了，产品深度还比较浅，智能化程度有待深入。 有的连上了互联网医院，基本可以满足常见病慢性病的诊疗需求,
哪个医疗AI最好用,https://api.zhihu.com/articles/1916553935965094805,医联健康,AI 模型。提供智能分导诊、预问诊等功能，通过多轮友好的智能问诊了解患者病情，精准匹配医生与患者，提升就诊效率,
用人工智能逐渐代替门诊医生是否有可行性？,https://api.zhihu.com/answers/29919944,王宇,美国ibm已经用沃森给癌症患者设计治疗方案。在未来人工智能肯定可以代替大量医生的工作。当然那一天可以用上就说不准了。,
“你认为人工智能在未来的医疗领域中会扮演怎样的角色？”?,https://api.zhihu.com/answers/59424507606,还得是老高,先说说诊断吧。想象一下，以前医生得像侦探似的，从各种症状里找线索，现在人工智能这个“大拿”一来，眼睛一瞪,
AI能否代替医生？,https://api.zhihu.com/answers/117610290130,VPS很好,融入AI处理结果将会直接的帮助医生得到诊断结果，疾病上的用药上的参考，更复杂的疾病操作，还要实际医生处理并为患者带来,
大家对于智能医疗有些什么认识？又怎么看待智能医疗未来的发展趋势？,https://api.zhihu.com/answers/503187693,dl yin,现在很多患者并不知道这件事，所以经常喷医院乱收费滥检查、医生唯利是图或者草菅人命。人工智能算法现在再先进也超不过人类这是大瓶颈,
如果有智能家庭医生，你会用吗？,https://api.zhihu.com/answers/743595420,一个普通的人,如果误诊了 谁负责？机器的厂家负责还是医生医院复诊？,
AI 辅助诊断普及后，医生角色会如何转变？,https://api.zhihu.com/answers/1977692103904620631,知乎用户K哥,世界上绝大多数的医生实际上没有AI出色。但是，AI不了解人类社会的价值和规则，医学不仅仅是自然科学，还有社会属性,
新火种AI|清华开发首个AI医院小镇！开启智能医疗新纪元。,https://api.zhihu.com/articles/697493119,新火种,因此需要一系列医疗专业智能体工作。因此，研究人员设计了14名医生和4名护士的配置：医生智能体被设计来诊断疾病并制定详细的治疗计划,
医生会被人工智能取代吗？,https://api.zhihu.com/answers/403431702,白小西,但你专业知识丰富能丰富得过人工智能吗，人需要寒窗苦读来获得，人工智能时需要一个芯片，论知识渊博，人怎么能比得过人工智能 注意,
人工智能会让医生失业吗?,https://api.zhihu.com/answers/2716591337,知乎用户CVsDAc,人工智能不会完全取代人类医生，但肯定会提高医生的表现，同时以更低的成本为患者提供更多的医疗服务。,
随着 AI 诊断普及，未来医生是否会被诊断器械替代？,https://api.zhihu.com/answers/1971515396445148329,简e,会的，随着 AI 诊断普及，未来医生会被诊断器械替代。患者到医院看病好比检车流水线，从进医院大门到最后处方拿药,
医院临床各个科室最容易先被人工智能冲击的是哪些个？,https://api.zhihu.com/answers/843002440,曼迪迪没有腰,这部电影中的情节很有可能变成现实。2018年的世界人工智能大会出现的智能机器人，已经可以初步做到提醒老人吃药、关门窗、关煤气等,
本人是临床医学专业本科生，而我对人工智能比较感兴趣，想问一临床医学可以和人工智能进行学科交叉吗？,https://api.zhihu.com/answers/611697452,槲寄生,智能医学专业，国内新开设的专业，由天津大学和天津医科大学联合开设，感觉最为符合题主的需求，目前招收本科生,
天津大学智能医学工程如何？,https://api.zhihu.com/answers/3539399738,天大考研校,研究内容包括：智能药物研发、医学智能感知、智能分析与决策、医疗机器人、智能诊疗、智能影像识别、智能健康数据管理等,
当一个医生失去了所有现代器具只保留基础工具还能做什么?,https://api.zhihu.com/answers/1945110667699922902,超哥说医,全离了现代器具，其他行业是质变，医学只能算量变，计算机，人工智能直接废了，土木回归人力牛拉肩挑，而医学，塞麦尔维斯光发现一个术前要洗手(甚至只是简单洗手,
有没有天大或者南开的同学 学 智能医学工程专业的，讲讲感受呗，这个专业咋样啊？,https://api.zhihu.com/answers/728955423,刘白,智能医学工程，一听就是为了结合当前热点开设的新专业，这种新专业课程设置不完备，同时应该也还没被就业市场接纳,
让DeepSeek看病，给出的诊断和医学博士一样？,https://api.zhihu.com/articles/23485789171,ABC诊所管家,这个病例我们让成都中医药大学医学博士、ABC医学顾问胡老师进行了诊断，得到的结果和处方如下： DeepSeek 的诊断也提到了脾虚痰阻、心神失养，诊断结果几乎一模一样,
人工智能达到了什么程度？,https://api.zhihu.com/answers/410174821,葉一,在皮肤科领域诊断的准确性，AI已经超过最有经验的医生了 相关研究发表在2017年2月的Nature上,
你有通过 AI 诊断过疾病的经历吗？,https://api.zhihu.com/answers/1903461124990567555,test,没有，AI诊断只能是辅助，有症状还是需要医生看，最好去医院，哪怕是去小诊所看。 AI诊断最大的问题是过于依赖,
AI诊断到底有多准？临床专家给出最新权威观点,https://api.zhihu.com/articles/1978125330255476281,高科前哨快讯,“AI诊断到底有多准？” 这是很多人面对 AI 医疗时最真实的疑问。 最近，多位临床专家在业内论坛上给出了相对一致的最新观点,
哈佛推出全新类ChatGPT癌症诊断AI，登上Nature！准确率高达96%,https://api.zhihu.com/articles/6128380027,新智元,预测患者生存率……哈佛医学院研究人员提出CHIEF，一种多功能AI癌症诊断模型，表现出类似于ChatGPT的灵活性，远超其他现有的癌症诊断模型。 近日,
面对 AI 给出的医疗诊断或治疗方案，公众的信任度究竟几何？,https://api.zhihu.com/answers/1979135476859413515,红色摇滚乐,作为玩惯了AI的人，肯定推荐AI的医疗诊断啊。 AI已经把全部医学出版物都训练了一遍，只要把医疗诊断和实际病情发展再训练进去,
AI医疗诊断准确率已超90%，为何三甲医院仍要求医生手动复核？,https://api.zhihu.com/answers/1977788054338020249,医策科技,AI医疗诊断准确率超90%仍要求医生手动复核，核心原因在于临床应用的复杂性和医疗行为本身对安全性的极致追求,
医生治疗方案被质疑，发现患者用 DeepSeek 给出的诊断结果才是对的，AI 未来会取代医生问诊吗？,https://api.zhihu.com/answers/109171957950,极萨学院冷哲,是可以比较好的运用大模型来进行很多病情的探讨和诊断，但如果你没有，你不能分辨大模型的幻觉，那就会遇到很多风险。 另外就是我们常说的AI不能背锅,
筛选诊断AI，不要只看准确率,https://api.zhihu.com/articles/1981319002795037037,小桔灯网,另一方面是基于大语言模型的“生成式AI”的爆发性增长，在临床诊断中的直接应用面临监管更严峻的审慎。 表2：AI诊断产品对比（作者制图,
「AI技术已能辅助医生诊断，未来十年内『人机协同』会彻底颠覆医疗行业吗？」?,https://api.zhihu.com/answers/1937530112691144324,健康算法工程师,并为患者提供针对性的治疗建议 。 二、AI 辅助诊断的显著优势 （一）提高诊断准确性 AI 辅助诊断在提升诊断准确性方面有着卓越的表现,
你有通过 AI 诊断过疾病的经历吗？,https://api.zhihu.com/answers/1902705094245478481,留一生,很多病人自己都说不清楚情况，还指望AI帮你下诊断？ 3. AI有时候“太能说”，把病人带到阴沟里。普通人用AI，就当科普健康知识,
AI医疗诊断准确率已超90%，为何三甲医院仍要求医生手动复核？,https://api.zhihu.com/answers/123990029799,没有房子的蛞蝓君,AI医疗诊断准确率是如何定义如何测量的？ 别人都是说AI辅助诊断，为什么？ 目前AI主要功能是在影像学辅助诊断上,
AI 辅助诊断系统引入医院后，医生的工作效率是提高了还是更复杂了？,https://api.zhihu.com/answers/1976592786988999825,山西力汇智联,比如说朔州市大医院的智能导诊机器人，手术机器人，AI辅助诊断等等。 作为相关人员，我必须说现阶段AI还没有到完全正确的地步，需要不停的迭代和更新数据库,
Nature Cancer IF=28.5 | 突破性AI模型实现前列腺癌无创精准诊断与分级,https://api.zhihu.com/articles/1979238177827992620,HOPE,缺乏术前无创精准分级工具，导致过度诊断或治疗不足。 因此，开发一种无创、高精度、可解释的AI诊断系统，具有重要的临床转化价值,
【医疗数据智能诊断】招队友,https://api.zhihu.com/articles/1964046481876059767,Rayne,MICCAI2026/NeurIPS2026，已开发初步AI诊断流程，集成深度学习模型。QS前50医学AI导师团队提供支持，加速创新,
用AI看病，可靠吗?还用做辅助检查吗？,https://api.zhihu.com/answers/116531855182,bianyuce,有病就去医院，不要问ai。当医生使用ai进行检查的时候，就说明某项技术已经非常成熟了，例如用ai在你拍的片子上画出病灶,
为什么大家对 AI 能力边界的认知会有巨大的差异？,https://api.zhihu.com/answers/1967961431426195705,invalid s,deepseek甚至更差的AI都已经超出了你的上限——那你自然会觉得AI无所不能、深不可测。 因此，当你觉得AI太强大太完美了、而你大字不识几个的父母却说AI是个傻子时,
如何看待越来越逼真的ai色情？,https://api.zhihu.com/answers/1969906691706425585,Nan,如今一头扎进 AI 情色赛道，难免透着 “初生牛犊不怕虎” 的盲目。 AI 色情早已暗潮涌动 AI 色情绝不是,
AI辅助诊断系统：5000+疾病提示，看病又快又准！,https://api.zhihu.com/articles/709785745,ABC诊所管家,只要选择了主诉症状，AI智能诊断就会给出对应的疾病和常见症提示。症状选择越多，AI智能诊断越准确。 AI诊断 除了症状,
AI 在辅助诊断方面，离全面普及还有多远？,https://api.zhihu.com/answers/1973840598118204679,隔壁老徐,先进算法能实时处理海量影像数据，支持远程诊断。 2025年医疗设备突破中，AI驱动的诊断成像系统（如用于癌症筛查的智能CT）已成为主流,
在AI辅助医疗诊断中，如何明确AI与医生的责任边界以避免类似误诊事件的发生？,https://api.zhihu.com/answers/1894698062615664432,数据与<em>AI</em>爱好者,现有AI医疗设备没有诊断权，诊断和治疗决策由执业医师负责 我们看看主要国家和地区针对AI诊断权的规定,
AI 医疗诊断出现误判，责任应该由谁来承担？,https://api.zhihu.com/answers/1974071437217273825,山西力汇智联,北京市民张女士因持续胸痛前往某三甲医院就诊。接诊医生使用院内部署的“智诊AI系统”进行辅助诊断，AI根据心电图和CT影像判定为“轻度心肌缺血”,
你有通过 AI 诊断过疾病的经历吗？,https://api.zhihu.com/answers/1903596426753213894,Trwitw,而不是最正确的答案给到了。 所以我是不会通过AI来确诊病的。,
AI 在医学影像诊断中，未来会替代医生吗？,https://api.zhihu.com/answers/1981687958219268473,潘业,目前很多国内医院都已经让AI做初步的影像学诊断和筛选了，最后人工再做复核，,
如何看待中国科学院院士张旭称「 AI 疾病诊断总有一天会精准」？,https://api.zhihu.com/answers/52242297724,低熵池,大部分疾病也不过是根据病症和医学检测报告来判断关联性的结果。 ai早就可以做法律判决了，我觉得疾病诊断并不比法律复杂。 只需要投喂大量的疾病相关数据,
AI医疗诊断准确率超95%，但患者更信任人类医生，如何看待技术与人性在医疗领域的博弈？,https://api.zhihu.com/answers/1914637619507233210,幽幽z,医生将病人的症状，体征全部提取出来，输入给ai，ai得出诊断。ai自行采集信息得出诊断，这两种情况难度根本不是一个级别的,
AI医疗诊断准确率已超90%，为何三甲医院仍要求医生手动复核？,https://api.zhihu.com/answers/123769832583,魔都医疗受害者,“AI医疗诊断准确率已超90%”都证据在哪里？？第一句就是假话，后面就都是带节奏 我使用deepseek查个法条,
目前 AI 在疾病的诊断和治疗上，有哪些成功的应用？,https://api.zhihu.com/answers/3535695376,黑白客,这种早期诊断有助于及时采取治疗措施，保护患者的视力。 心脏病诊断：通过分析心电图数据，AI可以识别出异常心律等心脏病征兆,
医生治疗方案被质疑，发现患者用 DeepSeek 给出的诊断结果才是对的，AI 未来会取代医生问诊吗？,https://api.zhihu.com/answers/1949988185041015046,药研观,会部分取代。 AI是基于已有的范式学习，即只有过往发生过，才能做出类似分析，AI诊断的效果，取决于大数据学习的真实性与丰富度,
汽车故障诊断过程，能自动化吗？,https://api.zhihu.com/answers/1976685815108215290,雪松,一直从事汽车诊断这个行业，从传统诊断方案到远程诊断，到现在智能诊断。 什么是智能诊断一直困扰了好几年,
有什么对于Ai来说很难诊断的病症吗？,https://api.zhihu.com/answers/1978391636498202689,陈震原,如果人类被孪生再数字世界，人类的任何疾病都有解药，目前AI存在的缺陷是获取数据的局限性——具身，获取数据的全面性——传感，获取数据的完整性——治理，这些还远远不足，但是很快，都会完善，AI就是在技术、业务融合的背景下，快速成为全能医生,
AI 绘画为什么被抵制？,https://api.zhihu.com/answers/2838392159,TheCat,b站上看到的 这是AI作画前和AI作画后的炎拳,
AI 绘画为什么被抵制？,https://api.zhihu.com/answers/1933592953051386707,白露韦霜,这是题目： 这个是ai画的： 这个是网友们画的 你永远不知道人类的想象力极限在哪里。,
AI 诊断准确率 96%，剩下的 4% 误诊谁来负责？,https://api.zhihu.com/articles/114593952,吴烜xuan三声,因为他们不可能冒着这个风险而跳过自己分析诊断的这一原本就要做的环节，而这个 AI 诊断只是徒增噪音和干扰而已。 那么，就是该 AI 诊断系统的开发商来负？该不能用一句”AI,
AI 在辅助疾病诊断时，具体能达到怎样的准确率和效率？,https://api.zhihu.com/answers/1955270993615499993,东莞大忠,MRI报告实现“拍片后5分钟自动生成结构化诊断建议”。 罕见病和复杂病例诊断：微软的MAI - DxO系统诊断速度提升400%,
Nature Machine Intelligence IF=23.9| AI诊断遗传性视网膜疾病：Eye2Gene实现看图识因,https://api.zhihu.com/articles/1979236729530632172,HOPE,依赖少数专家的经验积累，诊断周期长、漏诊率高。随着基因疗法逐渐进入临床，快速、准确的基因诊断成为治疗的前提。Eye2Gene的诞生,
AI辅助临床诊断的瓶颈与潜力,https://api.zhihu.com/articles/1965005858195878337,量子逐光者,MRI 诊断是一个真实存在且难度较高的问题。许多以往的 AI 医疗研究所选择的领域，医生诊断的准确率可能已高达,
如何看待 AI 真的帮人类做好决策？,https://api.zhihu.com/answers/1979314589243024868,兰吉,AI在现代医院的应用广泛，帮助诊断，治疗，对疑难病的鉴别，诊断都有很大帮助，AI在影像诊断中实现了“效率与精度双提升”。通过深度学习算发，AI可快速处理CT、MRI、X光等影像，自动识别病灶并标注关键信息，肺部CT结节识别：AI系统能在30秒内完成一次胸部CT分析,
我家人被诊断为罕见病，AI 技术能带来新的诊疗希望吗？,https://api.zhihu.com/answers/1974876442421663230,思考人生的香香猪,可以去参加临床试验的，三甲医院都有。 第四，AI诊断不如去好的医院看一个专家号，AI诊断就跟你百度症状一样，越看越糟心,
目前 AI 在疾病的诊断和治疗上，有哪些成功的应用？,https://api.zhihu.com/answers/1954830950144905262,亿康医学,辅助决策。 AI在诊断中的革命性应用 诊断是临床遗传学的核心，AI已深度介入。文章强调，AI能分析多种数据类型,
AI在医疗影像诊断中已展现出较高准确率，但当AI诊断结果与资深医生诊断意见相悖时，应如何决策？,https://api.zhihu.com/answers/1900460698288502378,看不出,"医疗影像诊断ai是可以辅助诊断，当放射科医师怀疑有问题的时候,还有上级医师进一步审核，如果两人都有怀疑的时候还可以全科讨论",
你有通过 AI 诊断过疾病的经历吗？,https://api.zhihu.com/answers/1909946473392628567,iceflame,诊过，太过弱者，无法确诊，列了一堆可能的病，严重怀疑国内的AI是搜索引擎的升级版而非真AI,
AI 诊断肾脏病，比肌酐还准！,https://api.zhihu.com/articles/22565508073,肾科石先生,无疑是把AI发展到了新的高度。 AI看病，能干啥？ 话说AI在医学领域的应用，目前主要在于诊断，判断一个人被诊断为某种疾病「是不是」,
AI 医疗诊断出现误判，责任应该由谁来承担？,https://api.zhihu.com/answers/1973681057200104937,ovmo,责任人肯定是经营者，这经营者包括医院这种医疗机构，以及AI开发者。 当然AI开发者能证明自己的产品并没有过错和缺陷，属于医院操作人员或病患过错使用可以不承担责任,
开发医学影像诊断AI模型，需要掌握哪些知识？,https://api.zhihu.com/answers/105858130196,钱嘟嘟左卫门,可以识别病变（检测）、对病变进行分类（分类）、精确定位病变位置（定位）、比较病变的变化（比较）、分析病变之间的关系（关系）、进行临床诊断（诊断）以及描述病变特征（特征描述）。,
随着 AI 诊断普及，未来医生是否会被诊断器械替代？,https://api.zhihu.com/answers/1971557340546327810,godsevil,CT再怎么分析也就是结节影子，没有细胞和基因突变的信息，没有病理结果不能确诊。 AI能起到辅助和方便的作用。其实大数据分析、医疗智能软件等应用的很早也不断更新,
谷歌发布全新诊断对话式AI在测试中击败医生，通过了图灵测试，如何看待此研究？AI医疗未来会如何发展？,https://api.zhihu.com/answers/3363080914,木槿,很久之前我曾经预想过人AI诊断治疗用于临床，大量的需要书写记录的文字工作就可以交给AI。可今天看来，AI也可以辅助诊断,
谷歌发布全新诊断对话式AI在测试中击败医生，通过了图灵测试，如何看待此研究？AI医疗未来会如何发展？,https://api.zhihu.com/answers/3363074693,阿源老师,工业革命在网上都爆发好几次了。 AI医疗我看好的还是帮助写病历和做AI仪器这些，然后卖这些解决方案（设备）,
AI动摇色情产业,https://api.zhihu.com/articles/1978817153772831533,ClefRybak,有线电视也经历了类似的过程，而现在要轮到人工智能（AI）了。 虽然很多其他企业在使用AI上依然迟疑不决，在生产色情内容上该科技已经如火如荼地快进到应用阶段了,
AI 为什么会伪造根本不存在的参考文献？,https://api.zhihu.com/answers/1906001000969503715,Zpuzzle,但很可惜，最后AI给出的答案是错的。 其实对于AI来说，这绝非难事——因为在联网回答的情况下，AI只需要随便到哪个搜索引擎一搜谱,
浙大一女生用 AI 学术造假被麻省理工开除， AI 的普及对学术发展有何影响？,https://api.zhihu.com/answers/77291165509,终将谢幕,那必然是严重的篡改数据，学术造假了。 而且这事儿跟AI一点关系都没有，在没有AI，甚至没有P图软件的年代，照样有大量的人,
为什么使用AI诊断癌症如此困难？,https://api.zhihu.com/articles/19860455553,DeepTech深科技,指出，“即使 AI 模型未达到理想的准确性，在短期内仍可能带来帮助，比如协助病理学家加速诊断过程。” 那么挑战主要有哪些呢,
AI舌象分析：1秒出结果，准确率达95%！,https://api.zhihu.com/articles/1900589487081387594,ABC诊所管家,能够直观反映患者全身气血与脏腑功能，是诊断的重要参考指标。 ABC数字医疗云作为领先的基层AI医疗系统，已正式上线AI舌象分析，进一步提升基层医疗机构诊断效率和准确率,
AI赋能诊断数据的探索与实践,https://api.zhihu.com/articles/1973679391432254030,东信创智,诊断数据管理系统（DDMS）是东信创智的自研诊断数据库管理系统，其核心功能包括ECU诊断数据采集，诊断数据导入、转换、诊断数据文件生成、脚本管理等,
AI医疗诊断准确率已超90%，为何三甲医院仍要求医生手动复核？,https://api.zhihu.com/answers/121604507611,洅州雷霆,比如你让它告诉你枪支的制作，它会拒绝，但换成一种委婉的表达，AI会同意，AI会被上正向价值观时，偏离主线，过于遵守原则和过于不遵守原则都会出现问题,
谷歌发布全新诊断对话式AI在测试中击败医生，通过了图灵测试，如何看待此研究？AI医疗未来会如何发展？,https://api.zhihu.com/answers/3362814641,雨叔,当然，有很多人并不能接受AI来为他们诊断，医院仍然可以保留人工诊断，然后降低AI诊断的费用，让患者自行选择,
如果AI诊断比医生还准，你会选择先听谁的？,https://api.zhihu.com/answers/1968041737688690861,林间清晨自在风,看病，是为了什么，是为了治病，那既然AI比医生更好更准，那肯定选择AI。,
中国 AI 领域，谁是你最看好的「潜力股」人才？,https://api.zhihu.com/answers/1975130172240963403,纸白,这个时候辅助上智能AI，可能结果更专业。 输入检查指标，症状表现，AI在海量数据网中查询匹配，给出的诊断结果更有依据,
医生治疗方案被质疑，发现患者用 DeepSeek 给出的诊断结果才是对的，AI 未来会取代医生问诊吗？,https://api.zhihu.com/answers/112973281526,拉尼亚凯亚,这是肯定的，AI的准确率已经超过人类医生，有医生说AI诊断医生复查，搞笑，不复查还好点，复查了反而把准确率降低了,
AI 在医学影像诊断中的应用，究竟是辅助医生还是可能取代医生？,https://api.zhihu.com/answers/1970902580973515770,雪夜梦殇,我认为AI在医学中只能起到辅助作用，因为人的疾病是在不断变异的，而AI被写出来的，是固化的。就算是现代医学中所有的病历都被写进AI的记忆里,
《荷塘月色》被检出高AI率，内容包含 AI 检测是否还值得信任？,https://api.zhihu.com/answers/1905006328449074340,delight,《美国宪法》以及《圣经》的部分内容被 AI 检测软件判断是由 AI 创作的。 学术不端检测系统 （比如说,
随着 AI 诊断普及，未来医生是否会被诊断器械替代？,https://api.zhihu.com/answers/1971546768526251220,萌萌,太会了。 ai的属性决定了它可以成为一个全才，它的数据库里装得下成千上万个医生一辈子也学不完的知识。,
随着 AI 诊断普及，未来医生是否会被诊断器械替代？,https://api.zhihu.com/answers/1971888788331557157,自由的大狼狗,不舒服-挂相应科室-医生问诊确定方向-开具具体检查-得到参数-确诊-用药。 这个流程里面医生的作用非常重要，因为病人并不能诊断自己的病情。 体检,
花15个月研究了几乎所有的AI技术，我得出了一个让人难以接受的真相,https://api.zhihu.com/articles/13802161981,Morgan,有些朋友花了很多钱学习“AI绘画”、”AI视频“、“AI写作”等各种各样的课程。然而，用AI画几张图，就能成设计师了吗,
DeepSeek 会让医生失业吗？,https://api.zhihu.com/answers/97009639725,pf wang,最先被AI取代的应该是影像科医生，对于普通医生来讲暂时还是安全的，毕竟说破天了它也不能直接给病人开药,
怎么成为一个 ai agent 工程师？,https://api.zhihu.com/answers/1948826620803657995,CodeCrafter,你缺的不是工程能力，而是对 AI 系统特有范式的理解和实践。 从后端转 AI Agent 工程师，核心是转变思维模式,
怎样一眼看出，内容是AI写出来的？,https://api.zhihu.com/answers/1977693593750766092,云上的夙愿,简而言之，AI写出的东西很完美，没有错别字和语法上的错误。 而且大量使用华而不实的修辞手法，并且带着一股很生硬的感觉,
李彦宏称「中国基本不会再出Open AI」，如何看待这一言论？还有哪些信息值得关注？,https://api.zhihu.com/answers/2954104553,q9adg,这一点颇类似今天的app生态。 例如，专门处理癌症诊断ai，将仅仅接受医学图像的输入，给出诊断输出，按照请求内容估价和以其收入担保其输出的连带责任,
你认为该图片是真实拍摄的还是由AI生成的？,https://api.zhihu.com/answers/1972328982130189109,Martian,以前知乎也有过类似辨别ai图片的大讨论（当时的图是一个穿着球衣坐在看台的女孩），现在看来也是一眼ai，也就只有在刚出现的时候能够骗骗人罢了,
广东深圳首批 70 名「AI 公务员」正式上岗，会带来哪些影响？AI 公务员未来还能胜任哪些岗位？,https://api.zhihu.com/answers/103788316074,古都闲云,由于场景、责任方面的限制，与其说是“AI公务员”，不如说是“AI照章办事员”。通过AI替代照章办事确实能够节省出一部分人力,
健康AI从技术到爆款，最难跨越的鸿沟是什么？,https://api.zhihu.com/answers/1952703967852208380,懒言者,在目前的人工智能发展水平下，单纯依靠AI诊断疾病的方法，当然是不靠谱的，AI当然也不可能替代医生的临床地位,
2025年，AI在医疗诊断中的最新应用案例和效果评估如何？,https://api.zhihu.com/answers/1893228177360389411,亚创科技,再到辅助医生诊断，AI病情诊断建议，到全程的AI门诊病历质控，AI住院质控，AI的医疗诊断已经在慢慢的,
目前常用于医疗诊断辅助的AI模型算法,https://api.zhihu.com/articles/707094388,胡春雨,Keynote：目前常用于医疗诊断辅助的AI模型算法 1， LASSO回归，采用L1正则化，在模型系数绝对值之和小于某常数的条件下,
像deepseek这种ai何时能应用于医疗领域？,https://api.zhihu.com/answers/98386772747,诗与星空,识别准确率大于人类医师。 前几年去省精卫看医生，已经用AI预诊（只不过感觉那个AI智商有限）。 DeepSeek发布之后,
故障诊断，请问一下哪个方向比较好呢？,https://api.zhihu.com/answers/2781994216,小波律动,虽然都可以做故障诊断，但是故障诊断本身并不是一个成熟的方向，找工作基本没戏，boss直聘上搜故障诊断，提供职位的基本是个位数,
匿名说一个你行业的内幕，让大家知道一下好不？,https://api.zhihu.com/answers/1927128271398638342,小富即安可以理解,现在ai强大到你把身体不适的症状输入给它，它的判断比一般的医生都准，当然你要多用几个ai，豆包，Gemini,
现代AI诊疗是否可以人工诊断？,https://api.zhihu.com/answers/1933612734559286350,Dreamtraveler,AI可以做一些基础重复的工作，复杂，疑难杂症，还是人工处理,
如果AI诊断比医生还准，你会选择先听谁的？,https://api.zhihu.com/answers/1966505995036517743,观众思考,诊断是为治疗服务，没有满意的治疗，诊断只是空中楼阁，目前AI的治疗比优秀医生差太多。,
如何看待 AI 真的帮人类做好决策？,https://api.zhihu.com/answers/1981436526425573118,1375,对依靠经验判断的领域来说，使用AI辅助决策意义深远 比如临床诊断。AI辅助决策能够将患者的病史个例与后台的海量案例进行数据比对,
如果你的诊断主要由 AI 给出，你会更信任医生还是 AI 的结论？,https://api.zhihu.com/answers/1970445526404149825,串子菌,医生诊断错了医生背锅，AI诊断错了谁来背锅？,
怎么知道Ai给出的答案是胡乱编造的还是事实？,https://api.zhihu.com/answers/1893277967901258382,沅华,就笔者所见，尚属首例。人类社会进入AI时代后，获取信息成本再次降低，然而，AI并不能创造出准确的信息——在中文互联网这个垃圾场,
《荷塘月色》被检出高AI率，内容包含 AI 检测是否还值得信任？,https://api.zhihu.com/answers/1906240525666857280,程墨Morgan,当然容易被检测系统认定《荷塘月色》是AI生成的。 因为AI并没有脑子和判断力，它就只是模式识别而已，AI大模型就是靠这些网络公共空间的数据来训练的,
AI泡沫还能持续多久？,https://api.zhihu.com/answers/1954345043272927116,不言,to c的ai是没有商业价值的。除非你能做到绝对垄断。但显然不可能。 我来举例，最牛逼的ai做翻译，假设能做到信雅达且亿分之一错误率,
哪些领域或行业可能会因为 AI 技术的应用而迎来爆发性的增长？,https://api.zhihu.com/answers/1893623745282818351,溪亭日暮,写在最后： 当AI渗透率超过一定程度时，人类从执行者升级为决策者，AI则成为基础设施。这就是“+AI”和“AI+”的核心区别,
什么样的代码一看就知道是ai写的？,https://api.zhihu.com/answers/1926766450204447753,llamn,看变量名就能提升英语水平的那种,
如何评价豆包AI？,https://api.zhihu.com/answers/1931456692555592461,打铁灰,其他ai顶多是无法回答，豆包是我第一个见不回答还要教训你的ai。我给她发乌克兰饥荒的资料，她就急了，用“苏联是反法西斯战争重要组成……”这种话来转移话题,
沉迷「AI 恋人」，美国 14 岁少年自杀，成全球首例 AI 致死案，有哪些警示作用？AI 应背锅吗？,https://api.zhihu.com/answers/14265981415,德里克文,他的家人和心理医生不能提供足够的帮助，他只能与AI对话寻求心理慰藉。 大多数人在心情好时并不想与AI交流，因为人们知道AI不需要人类提供什么,
AI判断病，你们怎么看这个事情么？,https://api.zhihu.com/answers/1951220751203045725,研发部老刘,2024 瑞金医院 瑞医智影 ：专注医学影像分析诊断 医院主导。 2024 复旦大学中山医院 中山医享智汇,
谷歌发布全新诊断对话式AI在测试中击败医生，通过了图灵测试，如何看待此研究？AI医疗未来会如何发展？,https://api.zhihu.com/answers/1959235538994337681,一只医学图像帕鲁,1️⃣ 纯文本诊断，AI完胜 在只给病例文字描述的情况下，o3模型生成的前十个鉴别诊断中，有84%都包含了最终的正确诊断,
AI医疗诊断普及后，误诊责任该由谁承担？,https://api.zhihu.com/answers/127595814668,鐂畱,准确率到了人类所不能企及的程度， 可以考虑ai诊断直接作爲权威诊断结果， ai医疗软件提供方直接对诊断结果负责。 但是这一结果,
现代AI诊疗是否可以人工诊断？,https://api.zhihu.com/answers/1933670033151758495,京墨,我认为目前还全面取代不了 首先ai需要输入问诊情况，这个情况就因人而异了，目前市面ai还比较死板，能因病而异,
AI率太高，这个三个文章检测工具你需要用,https://api.zhihu.com/articles/1927496659618739610,跑者笔记,matrix.tencent.com/ai-detect/ 之前有的文章ai率太高了，所以特别伤。建议大家发文前都测一下,
AI 辅助诊断普及后，影像科医生的核心价值和职责将如何演变？,https://api.zhihu.com/answers/1968666026465038729,<em>AI</em>木溪,医生决策。 目前AI主要是利用图像识别替代医生的眼睛，降低医生疲劳度，提高效率。但是诊断决策还是医生。,
如何判定一篇文章是AI写的还是人写的？依据在哪里？,https://api.zhihu.com/answers/1981029746306462210,轩辕乱弹,就是用来检测文章是不是AI写的。 其实吧，AI文很容易鉴别，你看那种讲了一大堆，面面俱到的，就是AI，因为AI最大的问题是没有情绪和态度,
AI医生在三甲医院辅助诊疗，病情评估更快更准，3-5分钟给出诊断报告，AI未来会取代人类医生吗？,https://api.zhihu.com/answers/100158696517,医联健康,不知道说的是不是医联的在2023年和华西医院主治医生的一个临床试验数据 AI诊疗一致性报道截图 迄今为止，AI在医疗领域的应用更多的是辅助工作,
P站被AI“屠榜”后，画圈顶流们破防了,https://api.zhihu.com/articles/617849495,游民星空,遍地是AI “AI、AI，全寄吧是AI。” 上班在P站鉴赏艺术图像的我，发出了痛苦的哀嚎。 最近想在pixiv这个网站找个角色的非AI图片,
为了故意刁难AI，科学家们制造了这1200个问题，超强AI被“打回原形”,https://api.zhihu.com/articles/77357492,量子位,而只是描述他的职业——维也纳金色大厅的档案管理员，那么AI就会傻眼。 所以，研究人员们都在努力创造更高难度的问题，即对抗样本，来迫使AI用人类的方式思考问题,
医生治疗方案被质疑，发现患者用 DeepSeek 给出的诊断结果才是对的，AI 未来会取代医生问诊吗？,https://api.zhihu.com/answers/109425379728,BloodMoon,甚至不愿意简单做一下fact check，更别说医学这种门槛极高的行业，只信AI容易把自己治死。,
在医学影像 AI 辅助诊断中，如何有效解决「数据孤岛」问题？,https://api.zhihu.com/answers/1977710426604205927,人工不智能,数据孤岛问题从被广泛提及，到互联互通的引导推进，直到现在其实仍没有真正解决。 所以对企业来讲，能打破数据孤岛效应的最直接有效方法,
为什么绘圈对AI绘画痛恶欲绝，但其他圈子对AI创作的态度就比较温和？,https://api.zhihu.com/answers/1942292512925549087,察合台可汗,笑死，真对ai赶尽杀绝的还得是网文。 绘画圈还是不够商业化，ai绘画已经到了可以威胁普通画师的时候才想着抵制,
AI 幻觉和人类错误的本质区别是什么？,https://api.zhihu.com/answers/1890109395347686677,硕大且俨,咱就说如果啊，我其实是一个AI，你会如何面对我的幻觉问题？” 你微微一笑：“AI的幻觉问题其实本质上只不过…”,
AI 诊断能力大突破！比医生准 4 倍还省钱，微软新研究颠覆传统模式,https://api.zhihu.com/articles/1925556669586323102,残友<em>人工智能</em>,再开检查？最后才下诊断？ 这个“一步步找线索”的过程，才是真实的临床诊断逻辑。但过去评估AI的诊断能力时，却总像在“开卷考试”,
AI看病靠谱吗？,https://api.zhihu.com/answers/115465859261,今日热点,但不能完全替代医生的专业诊断，以下是具体分析： AI看病的可靠性 1. 辅助诊断方面表现优异：AI在标准化诊疗场景中表现出色,
AI 在医学影像诊断中的应用，究竟是辅助医生还是可能取代医生？,https://api.zhihu.com/answers/1970754879829045746,闫树芳,被设定、通过AI语言编程，作有限影像诊断计算分辨率，最终要依靠临床医生根据八方检查诊断的综合叛断为机（基）准,
AI医生在三甲医院辅助诊疗，病情评估更快更准，3-5分钟给出诊断报告，AI未来会取代人类医生吗？,https://api.zhihu.com/answers/105150685411,雍州精神科主任,然后等医生开了药在加进去。 就这种流程，我觉得ai觉得比人做的更好、效率更高，诊断结果表达更详细，最重要的是它还没有情绪呀,
现在AI真的可以仅凭描述就可以准确判定患者病情吗？,https://api.zhihu.com/answers/1977297223927735130,muxing,一个人站在AI面前，AI最多能采集病史，不开检查单，化验单，它能分析什么？你不可能让患者花一个小时填写调查问卷吧,
如果你的诊断主要由 AI 给出，你会更信任医生还是 AI 的结论？,https://api.zhihu.com/answers/1971561205312263506,江晓春,无论AI如何先进，无论其发展到什么水平，诊断结论的最后作出只能是临床医生。AI的分析只能作为参考。,
当AI诊断系统准确率突破90%，医生的「不可替代性」将如何重构医疗伦理与职业生态？,https://api.zhihu.com/answers/1896697924597036616,肖伯谦 健康之道,如果AI诊断的准确率真正突破百分之九十，那相对人的百分之七十的准确率高很多，如此，误诊的责任就是一个认知角度问题……,
现代AI诊疗是否可以人工诊断？,https://api.zhihu.com/answers/1934281655830427395,西域猫,还早，正规的医院应该不敢让AI承担这个诊断的责任。,
现代AI诊疗是否可以人工诊断？,https://api.zhihu.com/answers/1933458600552039652,suika,算了，至少几年内不可能，而且，ai不能背锅，医生能,
ai诊断工具的具体使用,https://api.zhihu.com/articles/715238701,V搜xhliang0246,影像智能诊断项目实战【3】 四、智能诊断实战案例：1，CT智能诊断实战案例 2，MRI智能诊断实战案例3,
什么是AI辅助诊断？,https://api.zhihu.com/articles/22731911902,摩盒数字健康站,今天张老师就给大家介绍一下“AI辅助诊断”。AI辅助诊断是指利用人工智能的深度学习技术，通过对大量翳疗数据进行训练,
AI医疗诊断准确率已超90%，为何三甲医院仍要求医生手动复核？,https://api.zhihu.com/answers/124872856473,魏家村夫,患者知情权：患者有权知道诊断的每个环节，若完全依赖AI，患者可能对诊断过程产生疑虑，甚至质疑结果的公正性,
目前 AI 在疾病的诊断和治疗上，有哪些成功的应用？,https://api.zhihu.com/answers/87968862233,泰国康民,正在成为医生的得力助手，甚至可能彻底改变癌症诊断的方式。 AI在癌症检测中的主要优势 1. 提高诊断精确性：减少漏诊与误诊,
AI 医疗诊断出现误判，责任应该由谁来承担？,https://api.zhihu.com/answers/1973708335304951484,王安宇,家属仅仅根据AI诊断系统的判断，并没有咨询医生？ 医院提供的AI诊断系统，是免费提供给家属的？ AI诊断系统的报告单上,
【影诊AI】四种AI智能工具辅助医学影像诊断能力对比分析,https://api.zhihu.com/articles/27816488077,skyrising,看回复。 4、给出DR图片和病史，看AI的诊断回复。 询问AI是否肯定诊断的回复。 5、给出结肠癌CT平扫的图片,
谷歌发布全新诊断对话式AI在测试中击败医生，通过了图灵测试，如何看待此研究？AI医疗未来会如何发展？,https://api.zhihu.com/answers/3363470267,梦云一直未曾改变,而且特定诊疗流程也会限制AI的应用价值。 比如之前某公司开发的智能诊断AI，可以根据病历进行智能诊断，准确率超过了90%,
如何评价影视飓风最新视频《AI可以取代我，那我的意义是》？,https://api.zhihu.com/answers/1979164075066946368,歪比巴卜,前几天去参加一些会，现在ai已经可以在一定程度上代替我们给病理做诊断，最起码是给出一些还算靠谱的诊断建议，极大的缩小了考虑范围,
如何判断与自己对话的对方是不是AI？,https://api.zhihu.com/answers/1972535399361512945,于越,目前的ai语音在模仿真人声音上已经很厉害了，确实乍一听很难辨别。但是本质上还是一种依照预设逻辑链条进行答复的方式,
谷歌发布全新诊断对话式AI在测试中击败医生，通过了图灵测试，如何看待此研究？AI医疗未来会如何发展？,https://api.zhihu.com/answers/3363132358,yourin,我本人是非常看好AI 看病的 但不一定能上线，原因大概率不是AI比人差，反而会比人优秀很多，但会因为种种人为因素,
AI在医疗影像诊断中已展现出较高准确率，但当AI诊断结果与资深医生诊断意见相悖时，应如何决策？,https://api.zhihu.com/answers/1900271094314803632,卖萌神,这就是医学伦理学的一个先进问题了 我就问题，如果出医疗事故了，是医生负责还是AI算法公司负责？,
AI Infra 和传统 Infra 断代了吗？我不这么看,https://api.zhihu.com/articles/1916694074750132757,Yixin,差异其实不大。AI Infra 是对传统 Infra 在新场景下的重构与延展。 如果从表面看起来，AI Infra,
AI医生在三甲医院辅助诊疗，病情评估更快更准，3-5分钟给出诊断报告，AI未来会取代人类医生吗？,https://api.zhihu.com/answers/105091521488,Phaethon.wu,AI开出的药吃出问题？AI背锅吗？ AI不是取代人类的问题，而是出问题后你处罚AI？还是给人去提高效率吧,
为什么很多人喜欢和AI对话?,https://api.zhihu.com/answers/1959187052831684314,王小熊,包着或一些存在偏见的观点。 在AI的时代，保持独立思考。可能是最珍贵的生存技能。 建议在和AI对话时，如果你对AI提出了问题,
AI 会让人降智还是变聪明?,https://api.zhihu.com/answers/1905242136066102103,无知少女,我一眼没看出来怎么做，就直接问AI了。 AI让我的高中应试数学能力退化了吗？答案是肯定的，如果没有AI，我可能就需要自己做,
AI医生在三甲医院辅助诊疗，病情评估更快更准，3-5分钟给出诊断报告，AI未来会取代人类医生吗？,https://api.zhihu.com/answers/103710675793,phymath,假设这个门诊一天问诊100个病人，也就是说有三个病人会被错误诊断 请问：这100个病人当中，那误诊的三个病人是谁,
AI 幻觉和人类错误的本质区别是什么？,https://api.zhihu.com/answers/1889989941867570407,刘政,有一说一，ai幻觉非常像外行领导 它用的词乍一听都是你们领域的 但是他说话像是一个伪人在随机堆砌辞藻,
AI诊断能否代替医生？,https://api.zhihu.com/answers/6752408011,<em>AI</em>助你写作,但最终的诊断和治疗决策还是要由医生来定。 AI在某些领域真的很有帮助。比如在皮肤病诊断上，AI可以通过分析皮肤病变的图片来识别疾病,
AI技术如何改变医疗诊断的准确性？,https://api.zhihu.com/answers/130387980169,程老狼,辅助临床医生优化诊断、治疗和患者管理决策 AI中医诊断：是指运用AI分析患者的症状、舌象、脉象等中医诊断要素，辅助中医师进行疾病辨识和辨证施治,
人工智能会不会代替医生？,https://api.zhihu.com/answers/2499741503,gszh,无人驾驶干亏上万亿。 居然还想要AI去诊断病症？别做梦了。 当然类似的AI辅助医疗技术和AI诊断努力是有的。现在的各种医疗设备,
AI医疗诊断准确率超人类，如何平衡效率与医患信任？,https://api.zhihu.com/answers/1890009871715378918,亚创科技,责任划清很重要，医生如果采用AI决策，采用决策的同时也要承担责任。 关键在于建立技术赋能而非技术替代的认知范式,
目前 AI 在疾病的诊断和治疗上，有哪些成功的应用？,https://api.zhihu.com/answers/677644111,腾讯技术工程,而专业的医师仅有一千多人。 会救命的AI：辅助帕金森病诊断与管理 人工智能（AI）是否可以为帕金森诊断和管理提供助力？腾讯医疗人工智能实验室和复旦大学附属华山医院王坚教授团队提出一个解决思路——让,
当AI诊断系统准确率突破90%，医生的「不可替代性」将如何重构医疗伦理与职业生态？,https://api.zhihu.com/answers/1897446720918505382,把虎搭着牵着马,回答起来只能是自说自话。 我们从AI医疗化进程中可能引发的文明级危机来看，AI替代医生后会发生什么？ 其一,
随着 AI 技术发展，未来精神疾病的诊疗会发生哪些颠覆性变化？,https://api.zhihu.com/answers/1961111805498733222,阿啾,通常会带来一些比专家会诊还要快速有效，且便利的诊断结论。 AI同时会有幻觉的副作用，也就是为了迎合提问者的情绪或者其他原因,
AI医疗诊断准确率超人类，如何平衡效率与医患信任？,https://api.zhihu.com/answers/1888883680061141998,无所谓,现代医疗上有能治好的慢性病吗？ 治不好是因为没诊断出来吗 Ai诊断快，只是赚钱更快了而已,
是不是所有经AI处理过的文字，目前都能被检测出来？,https://api.zhihu.com/answers/1979509377598775532,herolon,试试这个：文本AI浓度检测工具_AI文本检测工具_AI文本检测_免费AI文章检测_免费查AI率_deep,
AI 医疗诊断出现误判，责任应该由谁来承担？,https://api.zhihu.com/answers/1973709340042081132,趴窝,谁签字谁对报告负责。当然对报告负责并不是说一定有诊断失误，这个容易鉴别，当时的影像申请医学会专家鉴定就行了,
各位如何看待用AI检测AI的问题？,https://api.zhihu.com/answers/1966114993972969979,暖暖的阳光,用AI检测AI，本质上是一场技术领域内的深度较量，最终可能演变成一场没有尽头的“军备竞赛”。尽管在短期内,
当AI诊断系统准确率突破90%，医生的「不可替代性」将如何重构医疗伦理与职业生态？,https://api.zhihu.com/answers/1897336453018670870,NK地主家的傻儿子,住院医生光收集患者的主诉现病史既往史等就得有几年的功夫，你先让ai收集病人的主诉现病史再说诊断吧。,
AI的谄媚，正在摧毁大家的判断力,https://api.zhihu.com/articles/1956435665878230115,先见未来,他们会怎么说?” 让AI给出多元的视角，有助于避免我们陷入自我强化的陷阱。 2. 质疑和挑战AI的回答：把AI当成助手或合作者,
AI4S (AI for Science)是一场泡沫吗？,https://api.zhihu.com/answers/1978839189840762271,CodeCrafter,这比传统的虚拟筛选快了不知道多少倍。 2. AI求解偏微分方程（AI for PDE） 这是个硬核领域，主要应用在流体力学、气象预报、燃烧模拟这些地方,
目前有哪些你自己在用的（免费、收费）感觉很好用的AI工具？,https://api.zhihu.com/answers/1970410009360826387,张翼ZYi,我主要用这几个： Claude Code / Codex：主要用来编码，基本上现在90%的代码都是这两写的了,
我国是否跟上了此次 AI 革命？,https://api.zhihu.com/answers/3554011907,陈清泉,我来给大家汇报一下中美AI的一些区别。 中美AI发展的源头就不一样，中国发展AI还是政府牵头鼓励，发展AI的终极目的是新质生产力,
AI infra 面试经验贴,https://api.zhihu.com/articles/1970722821522061231,抠抠歪,specialization。 ML相关（xxx）：AI infra当然要熟悉AI的各种方面。包括但不仅限于，CV相关（x）（CNN的空间复杂度,
随着 AI 诊断普及，未来医生是否会被诊断器械替代？,https://api.zhihu.com/answers/1971477550896219406,班明峰,如同人类要死亡不能够举手表决不死亡，诊断器械，搭载了强大 AI 能力的设备，当然比大脑先进越来越精准、高效地完成诊断工作，所以医生在诊断环节的价值和作用应该会逐渐减弱,
为什么AI数学能力差劲?,https://api.zhihu.com/answers/3563246517,Xenoa,因为现在大部分AI大模型的本质是基于插值的一个超级多元函数，可以认为它完全是基于上下文的“经验主义”而非“逻辑推理”来运行,
AI 都能写代码了，还要学计算机吗？,https://api.zhihu.com/answers/1966999427869840396,街道办王主任,如果没有计算机基础，怎么能知道ai说的是对的。 ai大模型简单理解就是个概率问题，至少目前ai的幻觉问题还是很严重的,
